ticker;NomeEmpresa;RazaoSocial;Setor;SubSetor
AALR3;ALLIAR;CENTRO DE IMAGEM DIAGNOSTICOS S.A.;Serv.Méd.Hospit. Análises e Diagnósticos;Serv.Méd.Hospit. Análises e Diagnósticos
ABCB3;ABC Brasil;BANCO ABC BRASIL S/A;Intermediários Financeiros;Bancos
ABCB4;ABC Brasil;BANCO ABC BRASIL S/A;Intermediários Financeiros;Bancos
ABEV3;AMBEV S/A;AMBEV S.A.;Bebidas;Cervejas e Refrigerantes
ABRE3;SOMOS EDUCA;SOMOS EDUCAÇÃO S.A.;Outros;Outros
ABYA3;ABYARA;ABYARA PLANEJAMENTO IMOBILIARIO S.A.;Construção Civil;Incorporações
ACES3;ARCELORMITTAL INOX BRASIL;ARCELORMITTAL INOX BRASIL S.A.;Siderurgia e Metalurgia;Siderurgia
ACES4;ARCELORMITTAL INOX BRASIL;ARCELORMITTAL INOX BRASIL S.A.;Siderurgia e Metalurgia;Siderurgia
ADHM3;ADVANCED-DH;ADVANCED DIGITAL HEALTH MEDICINA PREVENTIVA S.A.;Outros;NA
AEDU11;ANHANGUERA EDUCACIONAL PARTICIPAÇÕES SA;ANHANGUERA EDUCACIONAL PARTICIPAÇÕES S.A;Diversos;Serviços Educacionais
AEDU3;ANHANGUERA EDUCACIONAL PARTICIPAÇÕES SA;ANHANGUERA EDUCACIONAL PARTICIPAÇÕES S.A;Diversos;Serviços Educacionais
AELP3;AES ELPA;AES ELPA SA;Energia Elétrica;Energia Elétrica
AERI3;AERIS;AERIS IND. E COM. DE EQUIP. GERACAO DE ENERGIA S/A;Máquinas e Equipamentos;Máq. e Equip. Industriais
AESB3;AES BRASIL;AES BRASIL ENERGIA S.A.;Energia Elétrica;Energia Elétrica
AESL3;AES SUL DISTRIB. GAÚCHA DE ENERGIA S.A.;AES SUL DISTRIB. GAÚCHA DE ENERGIA S.A.;Energia Elétrica;Energia Elétrica
AESL4;AES SUL DISTRIB. GAÚCHA DE ENERGIA S.A.;AES SUL DISTRIB. GAÚCHA DE ENERGIA S.A.;Energia Elétrica;Energia Elétrica
AFLT3;AFLUENTE T;AFLUENTE TRANSMISSÃO DE ENERGIA ELÉTRICA S/A;Energia Elétrica;Energia Elétrica
AFLU3;AFLUENTE;AFLUENTE GER.E TRANSM.ENERG.ELETR. S.A.;Energia Elétrica;Energia Elétrica
AFLU5;AFLUENTE;AFLUENTE GER.E TRANSM.ENERG.ELETR. S.A.;Energia Elétrica;Energia Elétrica
AGEI3;AGRE EMP IMOB;AGRE EMPREENDIMENTOS IMOBILIÁRIOS S.A.;Construção Civil;Incorporações
AGEN33;Agrenco;AGRENCO LTD.;Comércio e Distribuição;Alimentos
AGIN3;Agra Incorp;AGRA EMPREENDIMENTOS IMOBILIÁRIOS S/A;Construção Civil;Incorporações
AGRO3;BRASILAGRO;BRASILAGRO - CIA BRAS DE PROP AGRICOLAS;Agropecuária;Agricultura
AGXY3;AGROGALAXY;AGROGALAXY PARTICIPAÇÕES S.A.;Agropecuária;Agricultura
AHEB3;PARQUE ANHEMBI;SAO PAULO TURISMO S.A.;Viagens e Lazer;Produção de Eventos e Shows
AHEB5;PARQUE ANHEMBI;SAO PAULO TURISMO S.A.;Viagens e Lazer;Produção de Eventos e Shows
AHEB6;PARQUE ANHEMBI;SAO PAULO TURISMO S.A.;Viagens e Lazer;Produção de Eventos e Shows
ALBA3;DANA-ALBARUS S/A INDÚSTRIA E COMÉRCIO;DANA-ALBARUS S.A. INDÚSTRIA E COMÉRCIO;Outros;NA
ALLD3;ALLIED;ALLIED TECNOLOGIA S.A.;Comércio;Eletrodomésticos
ALLL11;RUMO S.A.;RUMO S.A.;Transporte;Transporte Ferroviário
ALLL3;RUMO S.A.;RUMO S.A.;Transporte;Transporte Ferroviário
ALLL4;RUMO S.A.;RUMO S.A.;Transporte;Transporte Ferroviário
ALOS3;ALLOS;ALLOS S.A.;Exploração de Imóveis;Exploração de Imóveis
ALPA3;ALPARGATAS;SAO PAULO ALPARGATAS SA;Tecidos, Vestuário e Calçados;Calçados
ALPA4;ALPARGATAS;SAO PAULO ALPARGATAS SA;Tecidos, Vestuário e Calçados;Calçados
ALPK3;ESTAPAR;ALLPARK EMPREENDIMENTOS PARTICIPACOES SERVICOS S.A;Serviços Diversos;Serviços Diversos
ALSC3;ALIANSCE;ALIANSCE SHOPPING CENTERS S.A.;Exploração de Imóveis;Exploração de Imóveis
ALSO3;ALLOS;ALLOS S.A.;Outros;Outros
ALUP11;ALUPAR;ALUPAR INVESTIMENTOS S/A;Energia Elétrica;Energia Elétrica
ALUP3;ALUPAR;ALUPAR INVESTIMENTOS S/A;Energia Elétrica;Energia Elétrica
ALUP4;ALUPAR;ALUPAR INVESTIMENTOS S/A;Energia Elétrica;Energia Elétrica
AMAR3;LOJAS MARISA;MARISA LOJAS S.A.;Comércio;Tecidos, Vestuário e Calçados
AMBP3;AMBIPAR;AMBIPAR PARTICIPACOES E EMPREENDIMENTOS S/A;Água e Saneamento;Água e Saneamento
AMBV3;AMBEV;COMPANHIA DE BEBIDAS DAS AMÉRICAS-AMBEV;Outros;NA
AMBV4;AMBEV;COMPANHIA DE BEBIDAS DAS AMÉRICAS-AMBEV;Outros;NA
AMER3;AMERICANAS;AMERICANAS S.A;Comércio;Produtos Diversos
AMIL3;AMIL;AMIL PARTICIPAÇÕES S/A;Serv.Méd.Hospit. Análises e Diagnósticos;Serv.Méd.Hospit. Análises e Diagnósticos
AMOB3;AUTOMOB;AUTOMOB PARTICIPAÇÕES S.A.;Automóveis e Motocicletas;Automóveis e Motocicletas
AMPI3;AMPLA INVEST;AMPLA INVESTIMENTOS E SERVICOS S.A.;Energia Elétrica;Energia Elétrica
ANIM3;ANIMA;GAEC EDUCAÇÃO S.A.;Diversos;Serviços Educacionais
AORE3;ADVANCED-DH;ADVANCED DIGITAL HEALTH MEDICINA PREVENTIVA S.A.;Outros;Outros
APER3;ALPER S.A.;ALPER CONSULTORIA E CORRETORA DE SEGUROS S.A.;Previdência e Seguros;Corretoras de Seguros
APTI4;ALIPERTI;SIDERURGICA J L ALIPERTI SA;Agropecuária;Agricultura
ARCE3;BELGO;COMPANHIA SIDERÚRGICA BELGO-MINEIRA;Outros;NA
ARCZ3;ARACRUZ CELULOSE SA;ARACRUZ CELULOSE S/A;Madeira e Papel;Papel e Celulose
ARCZ6;ARACRUZ CELULOSE SA;ARACRUZ CELULOSE S/A;Madeira e Papel;Papel e Celulose
ARLA3;ARTHUR LANGE;ARTHUR LANGE SA IND E COM;Outros;NA
ARLA4;ARTHUR LANGE;ARTHUR LANGE SA IND E COM;Outros;NA
ARML3;ARMAC;ARMAC LOCAÇÃO. LOGÍSTICA E SERVIÇOS S.A.;Diversos;Aluguel de carros
ARPS3;DOUAT CIA TEXTIL;DOUAT CIA TEXTIL;Outros;NA
ARPS4;DOUAT CIA TEXTIL;DOUAT CIA TEXTIL;Outros;NA
ARTE3;KUALA S.A.;KUALA SA;Outros;NA
ARTE4;KUALA S.A.;KUALA SA;Outros;NA
ARTR3;ARTERIS;ARTERIS S.A.;Transporte;Exploração de Rodovias
ARZZ3;AZZAS 2154;AZZAS 2154 S.A.;Outros;Outros
ASAI3;ASSAI;SENDAS DISTRIBUIDORA S.A.;Comércio e Distribuição;Alimentos
ASSM3;HOTEIS ELDORADO;COMPANHIA ELDORADO DE HOTEIS;Outros;NA
ASSM4;HOTEIS ELDORADO;COMPANHIA ELDORADO DE HOTEIS;Outros;NA
ASTA4;SANTISTA TÊXTIL S.A.;SANTISTA TEXTIL SA;Outros;NA
ATED3;ATOM EDUC;ATOM EDUCAÇÃO E EDITORA S.A.;Diversos;Serviços Educacionais
ATMP3;ATMASA;ATMA PARTICIPAÇÕES S.A.;Serviços Diversos;Serviços Diversos
ATOM3;FICTORALIMEN;FICTOR ALIMENTOS S.A;Outros;Outros
AURA32;AURA 360;AURA MINERALS INC.;Outros;Outros
AURA33;AURA 360;AURA MINERALS INC.;Mineração;Minerais Metálicos
AURE3;AUREN;AUREN ENERGIA S.A.;Energia Elétrica;Energia Elétrica
AUTM3;AUTOMETAL;AUTOMETAL S.A.;Material de Transporte;Material Rodoviário
AVIL3;ACOS VILLARES;AÇOS VILLARES SA;Siderurgia e Metalurgia;Siderurgia
AVLL3;ALPHAVILLE;ALPHAVILLE S.A.;Construção Civil;Incorporações
AZEV3;AZEVEDO & TRAVASSOS;AZEVEDO & TRAVASSOS SA;Construção e Engenharia;Construção Pesada
AZEV4;AZEVEDO & TRAVASSOS;AZEVEDO & TRAVASSOS SA;Construção e Engenharia;Construção Pesada
AZTE3;AZT ENERGIA;AZEVEDO & TRAVASSOS ENERGIA S.A.;Petróleo, Gás e Biocombustíveis;Exploração, Refino e Distribuição
AZUL4;AZUL;AZUL S.A.;Transporte;Transporte Aéreo
AZZA3;AZZAS 2154;AZZAS 2154 S.A.;Comércio;Tecidos, Vestuário e Calçados
B3SA3;B3;B3 S.A. - BRASIL, BOLSA, BALCÃO;Serviços Financeiros Diversos;Serviços Financeiros Diversos
BAHI11;BIOMA EDUC;BAHEMA EDUCAÇÃO S.A.;Diversos;Serviços Educacionais
BAHI3;BIOMA EDUC;BAHEMA EDUCAÇÃO S.A.;Outros;Outros
BAHI4;BIOMA EDUC;BAHEMA EDUCAÇÃO S.A.;Diversos;Serviços Educacionais
BAHI5;BIOMA EDUC;BAHEMA EDUCAÇÃO S.A.;Diversos;Serviços Educacionais
BALM3;BAUMER;BAUMER SA;Equipamentos;Equipamentos
BALM4;BAUMER;BAUMER SA;Equipamentos;Equipamentos
BAUH4;EXCELSIOR;EXCELSIOR ALIMENTOS SA.;Alimentos Processados;Carnes e Derivados
BAZA3;BANCO DA AMAZONIA S.A.;BANCO DA AMAZÔNIA S.A.;Intermediários Financeiros;Bancos
BBAS3;BANCO DO BRASIL S.A.;BANCO DO BRASIL S.A.;Intermediários Financeiros;Bancos
BBDC3;BANCO BRADESCO S.A.;BANCO BRADESCO SA;Intermediários Financeiros;Bancos
BBDC4;BANCO BRADESCO S.A.;BANCO BRADESCO SA;Intermediários Financeiros;Bancos
BBRK3;NEXPE;NEXPE PARTICIPAÇÕES S.A;Outros;Outros
BBSE3;BBSEGURIDADE;BB SEGURIDADE PARTICIPAÇÕES S.A.;Previdência e Seguros;Seguradoras
BBTG11;BTG PACTUAL UNITS;Units BTG PACTUAL;Intermediários Financeiros;Bancos
BBTG12;BTG PACTUAL;BTG PACTUAL PARTICIPATIONS. LTD.;Outros;NA
BBTG13;BTG PACTUAL;BTG PACTUAL PARTICIPATIONS. LTD.;Outros;NA
BCAL6;PRO METALURG;PRÓ METALURGIA S.A.;Outros;NA
BDLL3;BARDELLA;BARDELLA SA INDS MECANICAS;Máquinas e Equipamentos;Máq. e Equip. Industriais
BDLL4;BARDELLA;BARDELLA SA INDS MECANICAS;Máquinas e Equipamentos;Máq. e Equip. Industriais
BECE3;BEC;BANCO DO ESTADO DO CEARA S/A BEC;Outros;NA
BECE4;BEC;BANCO DO ESTADO DO CEARA S/A BEC;Outros;NA
BEEF3;Minerva;MINERVA S/A;Alimentos Processados;Carnes e Derivados
BEES3;BANESTES S/A;BANESTES SA BANCO ESTADO ESPIRITO SANTO;Intermediários Financeiros;Bancos
BEES4;BANESTES S/A;BANESTES SA BANCO ESTADO ESPIRITO SANTO;Intermediários Financeiros;Bancos
BELG3;BELGO;COMPANHIA SIDERÚRGICA BELGO-MINEIRA;Outros;NA
BELG4;BELGO;COMPANHIA SIDERÚRGICA BELGO-MINEIRA;Outros;NA
BEMA3;Bematech;BEMATECH IND COM EQUIP ELETRONICOS SA;Computadores e Equipamentos;Computadores e Equipamentos
BERG3;BERGAMO;BERGAMO CIA INDUSTRIAL;Outros;NA
BESP3;BANESPA;BANCO DO ESTADO DE SAO PAULO S.A. - BANESPA;Outros;NA
BESP4;BANESPA;BANCO DO ESTADO DE SAO PAULO S.A. - BANESPA;Outros;NA
BFIT3;BANCO SUDAMERIS BRASIL SA;BANCO SUDAMERIS BRASIL SA;Outros;NA
BFIT4;BANCO SUDAMERIS BRASIL SA;BANCO SUDAMERIS BRASIL SA;Outros;NA
BGIP3;BANESE;BANCO ESTADO SERGIPE SA;Intermediários Financeiros;Bancos
BGIP4;BANESE;BANCO ESTADO SERGIPE SA;Intermediários Financeiros;Bancos
BHGR3;BHG;BHG S.A. - BRAZIL HOSPITALITY GROUP;Exploração de Imóveis;Exploração de Imóveis
BHIA3;CASAS BAHIA;GRUPO CASAS BAHIA S.A.;Comércio;Eletrodomésticos
BICB3;BicBanco;BANCO INDUSTRIAL E COMERCIAL S/A;Intermediários Financeiros;Bancos
BICB4;BicBanco;BANCO INDUSTRIAL E COMERCIAL S/A;Intermediários Financeiros;Bancos
BIDI11;BANCO INTER;BANCO INTER S.A.;Intermediários Financeiros;Bancos
BIDI3;BANCO INTER;BANCO INTER S.A.;Intermediários Financeiros;Bancos
BIDI4;BANCO INTER;BANCO INTER S.A.;Intermediários Financeiros;Bancos
BIED3;BIOMA EDUC;BAHEMA EDUCAÇÃO S.A.;Diversos;Serviços Educacionais
BIOM3;BIOMM SA;BIOMM SA;Medicamentos e Outros Produtos;Medicamentos e Outros Produtos
BIOM4;BIOMM SA;BIOMM SA;Medicamentos e Outros Produtos;Medicamentos e Outros Produtos
BISA3;BROOKFIELD INCORPORACOES;BROOKFIELD INCORPORACOES S.A.;Construção Civil;Incorporações
BKBR3;ZAMP S.A.;ZAMP S.A.;Outros;Outros
BLAU3;BLAU;BLAU FARMACÊUTICA S.A.;Comércio e Distribuição;Medicamentos e Outros Produtos
BLUT3;B TECH EQI;BLUE TECH SOLUTIONS E.Q.I. S;Outros;Outros
BLUT4;B TECH EQI;BLUE TECH SOLUTIONS E.Q.I. S;Outros;Outros
BMEB3;BANCO MERCANTIL DO BRASIL S/A;BANCO MERCANTIL BRASIL SA;Intermediários Financeiros;Bancos
BMEB4;BANCO MERCANTIL DO BRASIL S/A;BANCO MERCANTIL BRASIL SA;Intermediários Financeiros;Bancos
BMEF3;BMF;BOLSA DE MERCADORIAS & FUTUROS - BM&F S/A;Serviços Financeiros Diversos;Serviços Financeiros Diversos
BMGB11;BANCO BMG;BANCO BMG S.A.;Intermediários Financeiros;Bancos
BMGB4;BANCO BMG;BANCO BMG S.A.;Intermediários Financeiros;Bancos
BMIN3;BANCO MERCANTIL DE INVESTIMENTOS SA;BCO MERCANTIL INVS SA;Intermediários Financeiros;Bancos
BMIN4;BANCO MERCANTIL DE INVESTIMENTOS SA;BCO MERCANTIL INVS SA;Intermediários Financeiros;Bancos
BMKS3;MONARK;BICICLETAS MONARK SA;Viagens e Lazer;Bicicletas
BMOB3;BEMOBI TECH;BEMOBI MOBILE TECH S.A.;Programas e Serviços;Programas e Serviços
BMTO3;BRASMOTOR S.A;BRASMOTOR SA;Outros;NA
BMTO4;BRASMOTOR S.A;BRASMOTOR SA;Outros;NA
BNBR3;BANCO DO NORDESTE;BANCO DO NORDESTE DO BRASIL SA;Intermediários Financeiros;Bancos
BNBR4;BANCO DO NORDESTE;BANCO DO NORDESTE DO BRASIL SA;Intermediários Financeiros;Bancos
BNCA3;NOSSA CAIXA-NOSSO BANCO;BANCO NOSSA CAIXA S.A.;Intermediários Financeiros;Bancos
BOAS3;BOA VISTA;BOA VISTA SERVIÇOS S.A.;Serviços Financeiros Diversos;Serviços Financeiros Diversos
BOBR3;BOMBRIL SA;BOMBRIL SA;Produtos de Uso Pessoal e de Limpeza;Produtos de Limpeza
BOBR4;BOMBRIL SA;BOMBRIL SA;Produtos de Uso Pessoal e de Limpeza;Produtos de Limpeza
BOVH3;Bovespa Hld;BOVESPA HOLDING SA;Serviços Financeiros Diversos;Serviços Financeiros Diversos
BPAC11;BTGP BANCO;BCO BTG PACTUAL S.A.;Intermediários Financeiros;Bancos
BPAC3;BTGP BANCO;BCO BTG PACTUAL S.A.;Intermediários Financeiros;Bancos
BPAC5;BTGP BANCO;BCO BTG PACTUAL S.A.;Intermediários Financeiros;Bancos
BPAN4;BANCO PAN;BCO PAN S.A.;Intermediários Financeiros;Bancos
BPAR3;BANPARÁ S.A.;BANCO ESTADO PARA SA;Intermediários Financeiros;Bancos
BPAT33;Patagonia;BANCO PATAGONIA SA;Intermediários Financeiros;Bancos
BPHA3;BRAZIL PHARMA S.A.;BR PHARMA;Comércio e Distribuição;Medicamentos e Outros Produtos
BPIA3;BEP;BANCO DO ESTADO DO PIAUÍ S.A.;Intermediários Financeiros;Bancos
BPNM3;BANCO PAN;BCO PAN S.A.;Intermediários Financeiros;Bancos
BPNM4;BANCO PAN;BCO PAN S.A.;Outros;Outros
BRAP3;BRADESPAR S/A;BRADESPAR S/A;Mineração;Minerais Metálicos
BRAP4;BRADESPAR S/A;BRADESPAR S/A;Mineração;Minerais Metálicos
BRAV3;BRAVA;3R PETROLEUM ÓLEO E GÁS S.A;Petróleo, Gás e Biocombustíveis;Exploração, Refino e Distribuição
BRBI11;BR PARTNERS;BR ADVISORY PARTNERS PARTICIPAÇÕES S.A.;Intermediários Financeiros;Bancos
BRDT3;VIBRA;VIBRA ENERGIA S.A.;Outros;Outros
BRFS3;BRF Foods;BRF Foods;Alimentos Processados;Carnes e Derivados
BRGE11;CONSORCIO ALFA;CONSORCIO ALFA DE ADMINISTRAÇÃO SA;Previdência e Seguros;Seguradoras
BRGE12;CONSORCIO ALFA;CONSORCIO ALFA DE ADMINISTRAÇÃO SA;Previdência e Seguros;Seguradoras
BRGE3;CONSORCIO ALFA;CONSORCIO ALFA DE ADMINISTRAÇÃO SA;Previdência e Seguros;Seguradoras
BRGE5;CONSORCIO ALFA;CONSORCIO ALFA DE ADMINISTRAÇÃO SA;Previdência e Seguros;Seguradoras
BRGE6;CONSORCIO ALFA;CONSORCIO ALFA DE ADMINISTRAÇÃO SA;Previdência e Seguros;Seguradoras
BRGE7;CONSORCIO ALFA;CONSORCIO ALFA DE ADMINISTRAÇÃO SA;Previdência e Seguros;Seguradoras
BRGE8;CONSORCIO ALFA;CONSORCIO ALFA DE ADMINISTRAÇÃO SA;Previdência e Seguros;Seguradoras
BRIN3;ALPER S.A.;ALPER CONSULTORIA E CORRETORA DE SEGUROS S.A.;Outros;Outros
BRIT3;BRISANET;BRISANET PARTICIPAÇÕES S.A.;Telecomunicações;Telecomunicações
BRIV3;ALFA DE INVESTIMENTO;BANCO ALFA DE INVESTIMENTO SA;Intermediários Financeiros;Bancos
BRIV4;ALFA DE INVESTIMENTO;BANCO ALFA DE INVESTIMENTO SA;Intermediários Financeiros;Bancos
BRKM3;BRASKEM;BRASKEM S.A.;Químicos;Petroquímicos
BRKM5;BRASKEM;BRASKEM S.A.;Químicos;Petroquímicos
BRKM6;BRASKEM;BRASKEM S.A.;Químicos;Petroquímicos
BRML3;BR MALLS PARTICIPAÇÔES S/A;BR MALLS PARTICIPACOES S.A.;Exploração de Imóveis;Exploração de Imóveis
BRPR3;BR PROPERTIES;BR PROPERTIES S.A.;Exploração de Imóveis;Exploração de Imóveis
BRSR3;BANRISUL S/A;BANCO DO ESTADO DO RIO GRANDE DO SUL SA;Intermediários Financeiros;Bancos
BRSR4;BANRISUL S/A;BANCO DO ESTADO DO RIO GRANDE DO SUL SA;Intermediários Financeiros;Bancos
BRSR5;BANRISUL S/A;BANCO DO ESTADO DO RIO GRANDE DO SUL SA;Intermediários Financeiros;Bancos
BRSR6;BANRISUL S/A;BANCO DO ESTADO DO RIO GRANDE DO SUL SA;Intermediários Financeiros;Bancos
BRST3;BRISANET;BRISANET SERVIÇOS DE TELECOMUNICAÇÕES S.A.;Telecomunicações;Telecomunicações
BRTP3;BRASIL TELECOM PARTICIPAÇÕES S.A.;BRASIL TELECOM PARTICIPAÇÕES SA;Outros;NA
BRTP4;BRASIL TELECOM PARTICIPAÇÕES S.A.;BRASIL TELECOM PARTICIPAÇÕES SA;Outros;NA
BSCT3;BESC S.A.;BANCO DO ESTADO DE SANTA CATARINA SA;Intermediários Financeiros;Bancos
BSCT5;BESC S.A.;BANCO DO ESTADO DE SANTA CATARINA SA;Intermediários Financeiros;Bancos
BSCT6;BESC S.A.;BANCO DO ESTADO DE SANTA CATARINA SA;Intermediários Financeiros;Bancos
BSEV3;BIOSEV;BIOSEV S.A.;Alimentos Processados;Açucar e Alcool
BSGR3;AGF BRASIL SEGUROS;AGF BRASIL SEGUROS SA;Outros;NA
BSLI3;BRB;BRB-BANCO DE BRASILIA SA;Intermediários Financeiros;Bancos
BSLI4;BRB;BRB-BANCO DE BRASILIA SA;Intermediários Financeiros;Bancos
BTOW3;AMERICANAS;AMERICANAS S.A;Outros;Outros
BUET3;BUETTNER S/A - INDUSTRIA E COMERCIO;BUETTNER SA IND E COMERCIO;Tecidos, Vestuário e Calçados;Fios e Tecidos
BUET4;BUETTNER S/A - INDUSTRIA E COMERCIO;BUETTNER SA IND E COMERCIO;Tecidos, Vestuário e Calçados;Fios e Tecidos
BVMF3;B3;B3 S.A. - BRASIL, BOLSA, BALCÃO;Outros;Outros
CAFE3;CAFE SOLUVEL BRASILIA S/A;CAFE SOLUVEL BRASILIA SA;Outros;NA
CAFE4;CAFE SOLUVEL BRASILIA S/A;CAFE SOLUVEL BRASILIA SA;Outros;NA
CALI3;CAL S/A;CONST ADOLPHO LINDENBERG SA;Construção Civil;Incorporações
CALI4;CAL S/A;CONST ADOLPHO LINDENBERG SA;Construção Civil;Incorporações
CAMB3;PENALTY;CAMBUCI SA;Tecidos, Vestuário e Calçados;Calçados
CAMB4;PENALTY;CAMBUCI SA;Tecidos, Vestuário e Calçados;Calçados
CAML3;CAMIL;CAMIL ALIMENTOS S.A.;Alimentos Processados;Alimentos Diversos
CARD3;CSU DIGITAL;CSU DIGITAL S.A.;Outros;Outros
CASH3;MELIUZ;MÉLIUZ S.A.;Programas e Serviços;Programas e Serviços
CASN3;CASAN;CIA CAT. DE ÁGUAS E SANEAMENTO - CASAN;Água e Saneamento;Água e Saneamento
CBAV3;CBA;Companhia Brasileira de Alumínio;Mineração;Minerais Metálicos
CBEE3;AMPLA ENERG;AMPLA ENERGIA E SERVICOS S.A.;Energia Elétrica;Energia Elétrica
CBMA3;COBRASMA S/A;COBRASMA SA;Outros;NA
CBMA4;COBRASMA S/A;COBRASMA SA;Outros;NA
CCHI3;CHIARELLI;CERAMICA CHIARELLI SA;Construção e Engenharia;Produtos para Construção
CCHI4;CHIARELLI;CERAMICA CHIARELLI SA;Construção e Engenharia;Produtos para Construção
CCIM3;CC DES IMOB;CAMARGO CORREA DESENV. IMOBILIARIO S.A.;Construção Civil;Incorporações
CCPR3;SYN PROP TEC;SYN prop e tech S.A.;Outros;Outros
CCRO3;COMPANHIA DE CONCESSÕES RODOVIÁRIAS;COMPANHIA DE CONCESSÕES RODOVIÁRIAS;Transporte;Exploração de Rodovias
CCTU4;COMPANHIA BRASILEIRA DE CARTUCHOS - CBC;COMPANHIA BRASILEIRA DE CARTUCHOS - CBC;Outros;NA
CCXC3;CCX CARVAO;CCX CARVÃO DA COLÔMBIA S.A.;Mineração;Minerais Metálicos
CEAB3;CEA MODAS;CEA MODAS S.A.;Comércio;Tecidos, Vestuário e Calçados
CEBR3;CEB - COMPANHIA ENERGÉTICA DE BRASÍLIA;COMPANHIA ENERGÉTICA DE BRASÍLIA - CEB;Energia Elétrica;Energia Elétrica
CEBR5;CEB - COMPANHIA ENERGÉTICA DE BRASÍLIA;COMPANHIA ENERGÉTICA DE BRASÍLIA - CEB;Energia Elétrica;Energia Elétrica
CEBR6;CEB - COMPANHIA ENERGÉTICA DE BRASÍLIA;COMPANHIA ENERGÉTICA DE BRASÍLIA - CEB;Energia Elétrica;Energia Elétrica
CEDO3;CIA. DE FIAÇÃO E TECIDOS CEDRO CACHOEIRA;COMPANHIA DE FIACAO E TECIDOS CEDRO E CACHOEIRA;Tecidos, Vestuário e Calçados;Fios e Tecidos
CEDO4;CIA. DE FIAÇÃO E TECIDOS CEDRO CACHOEIRA;COMPANHIA DE FIACAO E TECIDOS CEDRO E CACHOEIRA;Tecidos, Vestuário e Calçados;Fios e Tecidos
CEEB3;COELBA;CIA ELETRICIDADE DA BAHIA;Energia Elétrica;Energia Elétrica
CEEB5;COELBA;CIA ELETRICIDADE DA BAHIA;Energia Elétrica;Energia Elétrica
CEED3;CEEE-D;CIA ESTADUAL DE DISTRIB ENER ELET-CEEE-D;Energia Elétrica;Energia Elétrica
CEED4;CEEE-D;CIA ESTADUAL DE DISTRIB ENER ELET-CEEE-D;Energia Elétrica;Energia Elétrica
CEGR3;CEG;CIA. DISTRIB. DE GÁS DO RIO DE JANEIRO;Gás;Gás
CELM3;CELM CIA EQUIP. DE LABORATORIOS MODERNOS;CELM CIA EQUIP LABS MODERNOS;Outros;NA
CELP5;EQTL PARA;EQUATORIAL PARA DISTRIBUIDORA DE ENERGIA S.A.;Outros;Outros
CELP7;EQTL PARA;EQUATORIAL PARA DISTRIBUIDORA DE ENERGIA S.A.;Outros;Outros
CEPE3;CELPE;CIA ENERGÉTICA DE PERNAMBUCO - CELPE;Energia Elétrica;Energia Elétrica
CEPE5;CELPE;CIA ENERGÉTICA DE PERNAMBUCO - CELPE;Energia Elétrica;Energia Elétrica
CEPE6;CELPE;CIA ENERGÉTICA DE PERNAMBUCO - CELPE;Energia Elétrica;Energia Elétrica
CESP3;CESP CIA ENERGETICA SAO PAULO;CESP - COMPANHIA ENERGÉTICA DE SÃO PAULO;Energia Elétrica;Energia Elétrica
CESP4;CESP CIA ENERGETICA SAO PAULO;CESP - COMPANHIA ENERGÉTICA DE SÃO PAULO;Energia Elétrica;Energia Elétrica
CESP5;CESP CIA ENERGETICA SAO PAULO;CESP - COMPANHIA ENERGÉTICA DE SÃO PAULO;Energia Elétrica;Energia Elétrica
CESP6;CESP CIA ENERGETICA SAO PAULO;CESP - COMPANHIA ENERGÉTICA DE SÃO PAULO;Energia Elétrica;Energia Elétrica
CFLU4;COCA COLA;COMPANHIA FLUMINENSE DE REFRIGERANTES;Outros;NA
CGAS3;COMPANHIA DE GÁS DE SÃO PAULO - COMGÁS;COMPANHIA DE GÁS DE SÃO PAULO - COMGÁS;Gás;Gás
CGAS5;COMPANHIA DE GÁS DE SÃO PAULO - COMGÁS;COMPANHIA DE GÁS DE SÃO PAULO - COMGÁS;Gás;Gás
CGOS3;CELG;COMPANHIA ENERGÉTICA DE GOIÁS - CELG;Energia Elétrica;Energia Elétrica
CGOS4;CELG;COMPANHIA ENERGÉTICA DE GOIÁS - CELG;Energia Elétrica;Energia Elétrica
CGRA3;GRAZZIOTIN;GRAZZIOTIN SA;Comércio;Tecidos, Vestuário e Calçados
CGRA4;GRAZZIOTIN;GRAZZIOTIN SA;Comércio;Tecidos, Vestuário e Calçados
CIEL3;CIELO;CIELO S.A.;Serviços Financeiros Diversos;Serviços Financeiros Diversos
CIQU3;CACIQUE;CIA CACIQUE CAFE SOLUVEL;Outros;NA
CIQU4;CACIQUE;CIA CACIQUE CAFE SOLUVEL;Outros;NA
CLAN3;CLARION;CLARION S.A. AGROINDUSTRIAL;Outros;NA
CLAN4;CLARION;CLARION S.A. AGROINDUSTRIAL;Outros;NA
CLSA3;CLEARSALE;CLEAR SALE S.A.;Serviços Financeiros Diversos;Serviços Financeiros Diversos
CLSC3;CELESC;CENTRAIS ELETRICAS DE SANTA CATARINA S.A;Energia Elétrica;Energia Elétrica
CLSC4;CELESC;CENTRAIS ELETRICAS DE SANTA CATARINA S.A;Energia Elétrica;Energia Elétrica
CLSC5;CELESC;CENTRAIS ELETRICAS DE SANTA CATARINA S.A;Energia Elétrica;Energia Elétrica
CLSC6;CELESC;CENTRAIS ELETRICAS DE SANTA CATARINA S.A;Energia Elétrica;Energia Elétrica
CMET4;CAEMI;CAEMI MINERAÇÃO E METALURGIA S.A.;Outros;NA
CMIG3;CEMIG;CIA ENERG MINAS GERAIS - CEMIG;Energia Elétrica;Energia Elétrica
CMIG4;CEMIG;CIA ENERG MINAS GERAIS - CEMIG;Energia Elétrica;Energia Elétrica
CMIN3;CSNMINERACAO;CSN MINERAÇÃO S.A.;Mineração;Minerais Metálicos
CMMA4;CMA PARTICIPACOES SA;CMA PARTICIPAÇÕES SA;Outros;NA
CNFB4;CONFAB;CONFAB INDUSTRIAL SA;Siderurgia e Metalurgia;Artefatos de Ferro e Aço
CNTO3;GRUPO SBF;GRUPO SBF SA;Outros;Outros
COCE3;CIA ENERG CEARA - COELCE;CIA ENERG CEARA - COELCE;Energia Elétrica;Energia Elétrica
COCE5;CIA ENERG CEARA - COELCE;CIA ENERG CEARA - COELCE;Energia Elétrica;Energia Elétrica
COCE6;CIA ENERG CEARA - COELCE;CIA ENERG CEARA - COELCE;Energia Elétrica;Energia Elétrica
COGN3;COGNA;KROTON EDUCACIONAL S.A.;Diversos;Serviços Educacionais
CORR3;CORREA RIBEIRO SA COM. IND.;CORREA RIBEIRO SA COM IND;Exploração de Imóveis;Exploração de Imóveis
CORR4;CORREA RIBEIRO SA COM. IND.;CORREA RIBEIRO SA COM IND;Exploração de Imóveis;Exploração de Imóveis
CPFE3;CPFL ENERGIA S.A.;CPFL ENERGIA SA;Energia Elétrica;Energia Elétrica
CPFG3;CPFL GERAÇÂO DE ENERGIA S/A;CPFL GERAÇÃO DE ENERGIA S/A;Energia Elétrica;Energia Elétrica
CPFG4;CPFL GERAÇÂO DE ENERGIA S/A;CPFL GERAÇÃO DE ENERGIA S/A;Energia Elétrica;Energia Elétrica
CPFP4;CPFL - PIRATININGA;CIA PIRATININGA DE FORÇA E LUZ;Energia Elétrica;Energia Elétrica
CPLE11;COPEL;COMPANHIA PARANAENSE DE ENERGIA;Energia Elétrica;Energia Elétrica
CPLE3;COPEL;COMPANHIA PARANAENSE DE ENERGIA;Energia Elétrica;Energia Elétrica
CPLE5;COPEL;COMPANHIA PARANAENSE DE ENERGIA;Energia Elétrica;Energia Elétrica
CPLE6;COPEL;COMPANHIA PARANAENSE DE ENERGIA;Energia Elétrica;Energia Elétrica
CPNY3;COMPANY S/A;COMPANY SA;Construção Civil;Incorporações
CPRE3;CPFL RENOVAV;CPFL ENERGIAS RENOVÁVEIS S.A.;Energia Elétrica;Energia Elétrica
CPSL3;COPESUL;COPESUL - COMPANHIA PETROQUÍMICA DO SUL;Outros;NA
CRBM3;CARAÍBA METAIS S.A;CARAIBA METAIS SA;Outros;NA
CRBM7;CARAÍBA METAIS S.A;CARAIBA METAIS SA;Outros;NA
CRDE3;FICA;FICA EMPREENDIMENTOS IMOBILIÁRIOS S.A;Outros;Outros
CREM3;CREMER S.A.;CREMER SA;Medicamentos e Outros Produtos;Medicamentos e Outros Produtos
CREM4;CREMER S.A.;CREMER SA;Medicamentos e Outros Produtos;Medicamentos e Outros Produtos
CRFB3;CARREFOUR BR;ATACADÃO S.A.;Comércio e Distribuição;Alimentos
CRIV3;ALFA FINANCEIRA;FINANCEIRA ALFA S.A.- C.F.I;Intermediários Financeiros;Soc. Crédito e Financiamento
CRIV4;ALFA FINANCEIRA;FINANCEIRA ALFA S.A.- C.F.I;Intermediários Financeiros;Soc. Crédito e Financiamento
CRPG3;CRISTAL;TRONOX PIGMENTOS DO BRASIL S.A.;Químicos;Químicos Diversos
CRPG5;CRISTAL;TRONOX PIGMENTOS DO BRASIL S.A.;Químicos;Químicos Diversos
CRPG6;CRISTAL;TRONOX PIGMENTOS DO BRASIL S.A.;Químicos;Químicos Diversos
CRTP3;CELULAR CRT PARTICIPAÇÕES S/A;CELULAR CRT PARTICIPAÇÕES S.A.;Outros;NA
CRTP5;CELULAR CRT PARTICIPAÇÕES S/A;CELULAR CRT PARTICIPAÇÕES S.A.;Outros;NA
CRUZ3;SOUZA CRUZ;SOUZA CRUZ SA;Outros;NA
CSAB3;COMPANHIA DE SEGUROS ALIANÇA DA BAHIA;CIA SEGUROS ALIANCA BAHIA;Previdência e Seguros;Seguradoras
CSAB4;COMPANHIA DE SEGUROS ALIANÇA DA BAHIA;CIA SEGUROS ALIANCA BAHIA;Previdência e Seguros;Seguradoras
CSAN3;COSAN SA INDUSTRIA E COMERCIO;COSAN SA INDUSTRIA E COMERCIO;Petróleo, Gás e Biocombustíveis;Exploração, Refino e Distribuição
CSED3;CRUZEIRO EDU;CRUZEIRO DO SUL EDUCACIONAL S.A.;Diversos;Serviços Educacionais
CSMG3;COPASA MG;COMPANHIA DE SANEAMENTO DE MINAS GERAIS;Água e Saneamento;Água e Saneamento
CSNA3;CSN;CIA SIDERURGICA NACIONAL;Siderurgia e Metalurgia;Siderurgia
CSPC3;COSIPA;COMPANHIA SIDERÚRGICA PAULISTA - COSIPA;Outros;NA
CSPC4;COSIPA;COMPANHIA SIDERÚRGICA PAULISTA - COSIPA;Outros;NA
CSRN3;COSERN;CIA ENERGÉTICA DO RIO GRANDE DO NORTE;Energia Elétrica;Energia Elétrica
CSRN5;COSERN;CIA ENERGÉTICA DO RIO GRANDE DO NORTE;Energia Elétrica;Energia Elétrica
CSRN6;COSERN;CIA ENERGÉTICA DO RIO GRANDE DO NORTE;Energia Elétrica;Energia Elétrica
CSTB3;COMPANHIA SIDERÚRGICA DE TUBARÃO;COMPANHIA SIDERÚRGICA DE TUBARÃO;Outros;NA
CSTB4;COMPANHIA SIDERÚRGICA DE TUBARÃO;COMPANHIA SIDERÚRGICA DE TUBARÃO;Outros;NA
CSUD3;CSU DIGITAL;CSU DIGITAL S.A.;Serviços Diversos;Serviços Diversos
CTIP3;CETIP;CETIP S.A. - BALCÃO ORGANIZADO DE ATIVOS;Serviços Financeiros Diversos;Serviços Financeiros Diversos
CTKA3;KARSTEN;KARSTEN SA;Tecidos, Vestuário e Calçados;Fios e Tecidos
CTKA4;KARSTEN;KARSTEN SA;Tecidos, Vestuário e Calçados;Fios e Tecidos
CTNM3;COTEMINAS;CIA TECIDOS NORTE DE MINAS - COTEMINAS;Tecidos, Vestuário e Calçados;Fios e Tecidos
CTNM4;COTEMINAS;CIA TECIDOS NORTE DE MINAS - COTEMINAS;Tecidos, Vestuário e Calçados;Fios e Tecidos
CTPC3;CTM CITRUS SA;CTM CITRUS SA;Alimentos Processados;Alimentos Diversos
CTPC4;CTM CITRUS SA;CTM CITRUS SA;Alimentos Processados;Alimentos Diversos
CTSA3;SANTANENSE;CIA TECIDOS SANTANENSE;Tecidos, Vestuário e Calçados;Fios e Tecidos
CTSA4;SANTANENSE;CIA TECIDOS SANTANENSE;Tecidos, Vestuário e Calçados;Fios e Tecidos
CTSA8;SANTANENSE;CIA TECIDOS SANTANENSE;Tecidos, Vestuário e Calçados;Fios e Tecidos
CTWR3;BLUE TREE HOTELS;BLUE TREE HOTELS & RESORTS DO BRASIL SA;Outros;NA
CURY3;CURY S/A;CURY CONSTRUTORA E INCORPORADORA S.A.;Construção Civil;Incorporações
CVCB3;CVC BRASIL;CVC BRASIL OPERADORA E AGÊNCIA DE VIAGENS S.A.;Viagens e Lazer;Viagens e Turismo
CXSE3;CAIXA SEGURI;CAIXA SEGURIDADE PARTICIPAÇÕES S.A.;Previdência e Seguros;Seguradoras
CYRE3;CYRELA BRAZIL REALTY;CYRELA BRAZIL REALTY S.A. EMPREEN E PART;Construção Civil;Incorporações
CYRE4;CYRELA BRAZIL REALTY;CYRELA BRAZIL REALTY S.A. EMPREEN E PART;Construção Civil;Incorporações
CZLT33;Cosan Ltd;COSAN LIMITED;Outros;NA
CZRS3;Cruzeiro Sul;BANCO CRUZEIRO DO SUL SA;Intermediários Financeiros;Bancos
CZRS4;Cruzeiro Sul;BANCO CRUZEIRO DO SUL SA;Intermediários Financeiros;Bancos
DAGB33;DUFRY AG;DUFRY A.G.;Comércio;Produtos Diversos
DASA3;DIAGNOSTICOS DA AMERICA SA;DIAGNOSTICOS DA AMERICA SA;Serv.Méd.Hospit. Análises e Diagnósticos;Serv.Méd.Hospit. Análises e Diagnósticos
DAYC3;Daycoval;BANCO DAYCOVAL S.A.;Intermediários Financeiros;Bancos
DAYC4;Daycoval;BANCO DAYCOVAL S.A.;Intermediários Financeiros;Bancos
DESK3;DESKTOPSIGMA;DESKTOP - SIGMANET COMUNICAÇÃO MULTIMÍDIA S.A.;Telecomunicações;Telecomunicações
DEXP3;DEXXOS PAR;DEXXOS PARTICIPACOES S.A.;Químicos;Petroquímicos
DEXP4;DEXXOS PAR;DEXXOS PARTICIPACOES S.A.;Químicos;Petroquímicos
DFVA3;D F VASCONCELLOS S/A O.M.A.P.;D F VASCONC SA OPT MEC A PREC;Outros;NA
DFVA4;D F VASCONCELLOS S/A O.M.A.P.;D F VASCONC SA OPT MEC A PREC;Outros;NA
DHBI3;DHB;DHB IND E COMERCIO SA;Material de Transporte;Material Rodoviário
DHBI4;DHB;DHB IND E COMERCIO SA;Material de Transporte;Material Rodoviário
DIRR3;Direcional Engenharia;DIRECIONAL ENGENHARIA S.A.;Construção Civil;Incorporações
DJON4;DIJON S/A;DIJON SA;Outros;NA
DMFN3;DMFINANCEIRA;DM FINANCEIRA S.A.;Intermediários Financeiros;Soc. Crédito e Financiamento
DMMO3;DOMMO;DOMMO ENERGIA S.A.;Petróleo, Gás e Biocombustíveis;Exploração, Refino e Distribuição
DMVF3;D1000VFARMA;D1000 VAREJO FARMA PARTICIPAÇÕES S.A.;Comércio e Distribuição;Medicamentos e Outros Produtos
DOCA3;DOCAS S.A.;DOCAS INVESTIMENTOS SA;Outros;NA
DOCA4;DOCAS S.A.;DOCAS INVESTIMENTOS SA;Outros;NA
DOHL3;DOHLER;DOHLER S.A.;Tecidos, Vestuário e Calçados;Fios e Tecidos
DOHL4;DOHLER;DOHLER S.A.;Tecidos, Vestuário e Calçados;Fios e Tecidos
DOTZ3;DOTZ SA;DOTZ S.A.;Diversos;Programas de Fidelização
DPPI3;IPIRANGA DISTRIBUIDORA;DISTRIB PRODUTOS PETROLEO IPIRANGA S.A.;Outros;NA
DPPI4;IPIRANGA DISTRIBUIDORA;DISTRIB PRODUTOS PETROLEO IPIRANGA S.A.;Outros;NA
DSUL3;DATASUL;DATASUL S.A.;Programas e Serviços;Programas e Serviços
DTCY3;DTCOM;DTCOM - DIRECT TO COMPANY S.A.;Serviços Diversos;Serviços Diversos
DTEX3;DEXCO;DEXCO S.A.;Outros;Outros
DUFB11;DUFRY SOUTH AMERICA LTD.;DUFRY SOUTH AMERICA LTD.;Comércio;Produtos Diversos
DUQE3;METALURGICA DUQUE SA;METALURGICA DUQUE SA;Siderurgia e Metalurgia;Artefatos de Ferro e Aço
DUQE4;METALURGICA DUQUE SA;METALURGICA DUQUE SA;Siderurgia e Metalurgia;Artefatos de Ferro e Aço
DURA3;DURATEX;DURATEX SA;Madeira e Papel;Madeira
DURA4;DURATEX;DURATEX SA;Madeira e Papel;Madeira
DXCO3;DEXCO;DEXCO S.A.;Madeira e Papel;Madeira
DXTG4;DIXIE TOGA;DIXIE TOGA SA;Outros;NA
EALT3;ELECTRO AÇO ALTONA S/A;ELECTRO AÇO ALTONA S/A;Máquinas e Equipamentos;Máq. e Equip. Industriais
EALT4;ELECTRO AÇO ALTONA S/A;ELECTRO AÇO ALTONA S/A;Máquinas e Equipamentos;Máq. e Equip. Industriais
EBCO3;EMBRACO;EMP BRAS COMPRES SA - EMBRACO;Outros;NA
EBCO4;EMBRACO;EMP BRAS COMPRES SA - EMBRACO;Outros;NA
EBEN4;BANDEIRANTE;BANDEIRANTE ENERGIA S/A;Energia Elétrica;Energia Elétrica
EBTP3;EMBRATEL PARTICIPAÇÕES SA;EMBRATEL PARTICIPAÇÕES SA;Outros;NA
EBTP4;EMBRATEL PARTICIPAÇÕES SA;EMBRATEL PARTICIPAÇÕES SA;Outros;NA
ECIS3;ECISA;ECISA ENG COM E INDUSTRIA SA;Outros;NA
ECIS4;ECISA;ECISA ENG COM E INDUSTRIA SA;Outros;NA
ECOR3;ECORODOVIAS;ECORODOVIAS INFRAESTRUTURA E LOGÍSTICA S.A.;Transporte;Exploração de Rodovias
ECPR3;ENCORPAR;EMP.NAC.C., RÉDITO E PART. S.A. ENCORPAR;Tecidos, Vestuário e Calçados;Fios e Tecidos
ECPR4;ENCORPAR;EMP.NAC.C., RÉDITO E PART. S.A. ENCORPAR;Tecidos, Vestuário e Calçados;Fios e Tecidos
EEEL3;CEEE;CIA ESTADUAL ENERG ELETR-CEEE;Energia Elétrica;Energia Elétrica
EEEL4;CEEE;CIA ESTADUAL ENERG ELETR-CEEE;Energia Elétrica;Energia Elétrica
EGIE3;ENGIE BRASIL;ENGIE BRASIL ENERGIA S.A.;Energia Elétrica;Energia Elétrica
EKTR3;ELEKTRO ELETRICIDADE E SERVIÇOS S.A.;ELEKTRO ELETRICIDADE E SERVIÇOS S.A.;Energia Elétrica;Energia Elétrica
EKTR4;ELEKTRO ELETRICIDADE E SERVIÇOS S.A.;ELEKTRO ELETRICIDADE E SERVIÇOS S.A.;Energia Elétrica;Energia Elétrica
ELCA3;REDE EMPRESAS DE ENERGIA ELÉTRICA S.A.;REDE EMPRESAS DE ENERGIA ELÉTRICA S.A.;Energia Elétrica;Energia Elétrica
ELCA4;REDE EMPRESAS DE ENERGIA ELÉTRICA S.A.;REDE EMPRESAS DE ENERGIA ELÉTRICA S.A.;Energia Elétrica;Energia Elétrica
ELEK3;ELEKEIROZ S/A;ELEKEIROZ S/A;Químicos;Petroquímicos
ELEK4;ELEKEIROZ S/A;ELEKEIROZ S/A;Químicos;Petroquímicos
ELET3;ELETROBRÁS;CENTRAIS ELET BRASILEIRAS SA;Energia Elétrica;Energia Elétrica
ELET5;ELETROBRÁS;CENTRAIS ELET BRASILEIRAS SA;Energia Elétrica;Energia Elétrica
ELET6;ELETROBRÁS;CENTRAIS ELET BRASILEIRAS SA;Energia Elétrica;Energia Elétrica
ELEV3;ELEVA;ELEVA ALIMENTOS S/A;Alimentos Processados;Carnes e Derivados
ELMD3;ELETROMIDIA;ELETROMIDIA S.A.;Mídia;Publicidade e Propaganda
ELPL3;AES ELETROPAULO;ELETROPAULO METROPOLITANA EL.S.PAULO S.A;Energia Elétrica;Energia Elétrica
ELPL4;AES ELETROPAULO;ELETROPAULO METROPOLITANA EL.S.PAULO S.A;Energia Elétrica;Energia Elétrica
ELPL5;AES ELETROPAULO;ELETROPAULO METROPOLITANA EL.S.PAULO S.A;Energia Elétrica;Energia Elétrica
ELPL6;AES ELETROPAULO;ELETROPAULO METROPOLITANA EL.S.PAULO S.A;Energia Elétrica;Energia Elétrica
ELUM3;ELUMA;ELUMA SA INDUSTRIA E COMERCIO;Outros;NA
ELUM4;ELUMA;ELUMA SA INDUSTRIA E COMERCIO;Outros;NA
EMAE4;EMAE;EMAE-EMP.METROPOLITANA ÁGUAS ENERGIA S.A;Energia Elétrica;Energia Elétrica
EMBR3;EMBRAER;EMBRAER EMP BRAS AERON SA;Material de Transporte;Material Aeronáutico e de Defesa
ENAT3;ENAUTA PART;ENAUTA PARTICIPAÇÕES S.A.;Petróleo, Gás e Biocombustíveis;Exploração, Refino e Distribuição
ENBR3;EDP ENERGIAS DO BRASIL S/A;EDP ENERGIAS DO BRASIL S/A;Energia Elétrica;Energia Elétrica
ENER3;ENERSUL;EMPRESA ENERGÉTICA DE M.S. S.A.;Energia Elétrica;Energia Elétrica
ENER5;ENERSUL;EMPRESA ENERGÉTICA DE M.S. S.A.;Energia Elétrica;Energia Elétrica
ENER6;ENERSUL;EMPRESA ENERGÉTICA DE M.S. S.A.;Energia Elétrica;Energia Elétrica
ENEV3;ENEVA;ENEVA S.A;Energia Elétrica;Energia Elétrica
ENGI11;ENERGISA;ENERGISA SA;Energia Elétrica;Energia Elétrica
ENGI3;ENERGISA;ENERGISA SA;Energia Elétrica;Energia Elétrica
ENGI4;ENERGISA;ENERGISA SA;Energia Elétrica;Energia Elétrica
ENJU3;ENJOEI;ENJOEI.COM.BR ATIVIDADES DE INTERNET S.A.;Programas e Serviços;Programas e Serviços
ENMT3;ENERGISA MT;ENERGISA MATO GROSSO-DISTRIBUIDORA DE ENERGIA S/A;Energia Elétrica;Energia Elétrica
ENMT4;ENERGISA MT;ENERGISA MATO GROSSO-DISTRIBUIDORA DE ENERGIA S/A;Energia Elétrica;Energia Elétrica
EPAR3;EMBPAR S/A;EMBPAR PARTICIPACOES S.A.;Comércio;Material de Transporte
EPAR4;EMBPAR S/A;EMBPAR PARTICIPACOES S.A.;Comércio;Material de Transporte
EQMA3B;CEMAR;COMPANHIA ENERGÉTICA DO MARANHÃO CEMAR;Energia Elétrica;Energia Elétrica
EQMA5B;CEMAR;COMPANHIA ENERGÉTICA DO MARANHÃO CEMAR;Energia Elétrica;Energia Elétrica
EQMA6B;CEMAR;COMPANHIA ENERGÉTICA DO MARANHÃO CEMAR;Energia Elétrica;Energia Elétrica
EQPA3;EQTL PARA;EQUATORIAL PARA DISTRIBUIDORA DE ENERGIA S.A.;Energia Elétrica;Energia Elétrica
EQPA5;EQTL PARA;EQUATORIAL PARA DISTRIBUIDORA DE ENERGIA S.A.;Energia Elétrica;Energia Elétrica
EQPA6;EQTL PARA;EQUATORIAL PARA DISTRIBUIDORA DE ENERGIA S.A.;Energia Elétrica;Energia Elétrica
EQPA7;EQTL PARA;EQUATORIAL PARA DISTRIBUIDORA DE ENERGIA S.A.;Energia Elétrica;Energia Elétrica
EQTL3;EQUATORIAL ENERGIA S.A.;EQUATORIAL ENERGIA S.A.;Energia Elétrica;Energia Elétrica
ESCE3;ESCELSA;ESPIRITO SANTO CENTRAIS ELETRICAS SA;Energia Elétrica;Energia Elétrica
ESPA3;ESPACOLASER;MPM CORPÓREOS S.A.;Comércio;Produtos Diversos
ESTC11;YDUQS PART;ESTACIO PARTICIPACOES S.A.;Diversos;Serviços Educacionais
ESTC3;YDUQS PART;ESTACIO PARTICIPACOES S.A.;Outros;Outros
ESTC4;YDUQS PART;ESTACIO PARTICIPACOES S.A.;Diversos;Serviços Educacionais
ESTR3;ESTRELA;MANUFATURA DE BRINQUEDOS ESTRELA SA;Viagens e Lazer;Brinquedos e Jogos
ESTR4;ESTRELA;MANUFATURA DE BRINQUEDOS ESTRELA SA;Viagens e Lazer;Brinquedos e Jogos
ETER3;ETERNIT;ETERNIT SA;Construção e Engenharia;Produtos para Construção
ETER4;ETERNIT;ETERNIT SA;Construção e Engenharia;Produtos para Construção
EUCA3;EUCATEX;EUCATEX SA IND E COMERCIO;Madeira e Papel;Madeira
EUCA4;EUCATEX;EUCATEX SA IND E COMERCIO;Madeira e Papel;Madeira
EVEN3;Even;EVEN CONSTRUTORA E INCORPORADORA S/A;Construção Civil;Incorporações
EZTC3;EZTec;EZ TEC EMPREEND. E PARTICIPAÇÕES S/A;Construção Civil;Incorporações
FBMC3;FIBAM;FIBAM CIA INDUSTRIAL;Siderurgia e Metalurgia;Artefatos de Ferro e Aço
FBMC4;FIBAM;FIBAM CIA INDUSTRIAL;Siderurgia e Metalurgia;Artefatos de Ferro e Aço
FBRA4;FERTIBRÁS S/A;FERTIBRAS SA;Outros;NA
FCAP3;FICAP;SAM INDUSTRIAS SA;Outros;NA
FCAP4;FICAP;SAM INDUSTRIAS SA;Outros;NA
FESA3;FERBASA;CIA FERRO LIGAS BAHIA FERBASA;Siderurgia e Metalurgia;Siderurgia
FESA4;FERBASA;CIA FERRO LIGAS BAHIA FERBASA;Siderurgia e Metalurgia;Siderurgia
FFTL3;FOSFERTIL;FERTILIZANTES FOSFATADOS S.A. FOSFERTIL;Químicos;Fertilizantes e Defensivos
FFTL4;FOSFERTIL;FERTILIZANTES FOSFATADOS S.A. FOSFERTIL;Químicos;Fertilizantes e Defensivos
FGUI3;FERREIRA GUIMARAES;CIA TEXTIL FERREIRA GUIMARAES;Tecidos, Vestuário e Calçados;Fios e Tecidos
FGUI4;FERREIRA GUIMARAES;CIA TEXTIL FERREIRA GUIMARAES;Tecidos, Vestuário e Calçados;Fios e Tecidos
FHER3;Fer Heringer;FERTILIZANTES HERINGER SA;Químicos;Fertilizantes e Defensivos
FIBR3;Fibria;VOTORANTIM CELULOSE E PAPEL SA;Madeira e Papel;Papel e Celulose
FICT3;FICTORALIMEN;FICTOR ALIMENTOS S.A;Alimentos Processados;Carnes e Derivados
FIEI3;FICA;FICA EMPREENDIMENTOS IMOBILIÁRIOS S.A;Construção Civil;Incorporações
FIGE3;INVESTIMENTOS BEMGE;INVESTIMENTOS BEMGE S.A.;Outros;Outros
FIGE4;INVESTIMENTOS BEMGE;INVESTIMENTOS BEMGE S.A.;Outros;Outros
FIQE3;UNIFIQUE;UNIFIQUE TELECOMUNICAÇÕES S.A.;Telecomunicações;Telecomunicações
FJTA3;TAURUS ARMAS;TAURUS ARMAS S.A.;Outros;Outros
FJTA4;TAURUS ARMAS;TAURUS ARMAS S.A.;Outros;Outros
FLCL3;CATAG LEOPOLDINA;CIA FORÇA E LUZ CATAGUAZES-LEOPOLDINA;Outros;NA
FLCL5;CATAG LEOPOLDINA;CIA FORÇA E LUZ CATAGUAZES-LEOPOLDINA;Outros;NA
FLCL6;CATAG LEOPOLDINA;CIA FORÇA E LUZ CATAGUAZES-LEOPOLDINA;Outros;NA
FLRY3;FLEURY;FLEURY S.A.;Serv.Méd.Hospit. Análises e Diagnósticos;Serv.Méd.Hospit. Análises e Diagnósticos
FNCN3;DMFINANCEIRA;DM FINANCEIRA S.A.;Outros;Outros
FRAS3;FRAS-LE S.A.;FRAS-LE SA;Material de Transporte;Material Rodoviário
FRAS4;FRAS-LE S.A.;FRAS-LE SA;Material de Transporte;Material Rodoviário
FRIO3;Metalfrio;METALFRIO SOLUTIONS S/A;Máquinas e Equipamentos;Máq. e Equip. Industriais
FRTA3;POMIFRUTAS;POMIFRUTAS S/A;Agropecuária;Agricultura
FTRX3;FAB TECIDOS C RENAUX;FAB TECIDOS CARLOS RENAUX SA;Tecidos, Vestuário e Calçados;Fios e Tecidos
FTRX4;FAB TECIDOS C RENAUX;FAB TECIDOS CARLOS RENAUX SA;Tecidos, Vestuário e Calçados;Fios e Tecidos
GAFP3;CIMOB;CIMOB PARTICIPAÇÕES SA;Construção Civil;Incorporações
GAFP4;CIMOB;CIMOB PARTICIPAÇÕES SA;Construção Civil;Incorporações
GALO3;EMEEGE ESCAPAMENTOS;DE MAIO GALLO S.A IND. COM. PÇS P/ AUTOM;Outros;NA
GALO4;EMEEGE ESCAPAMENTOS;DE MAIO GALLO S.A IND. COM. PÇS P/ AUTOM;Outros;NA
GAZO3;GAZOLA SA INDÚSTRIA METALURGICA;GAZOLA SA INDÚSTRIA METALURGICA;Outros;NA
GAZO4;GAZOLA SA INDÚSTRIA METALURGICA;GAZOLA SA INDÚSTRIA METALURGICA;Outros;NA
GBIO33;BIOTOSCANA;BIOTOSCANA INVESTMENTS S.A.;Medicamentos e Outros Produtos;Medicamentos e Outros Produtos
GEPA3;DUKE ENERGY INT,GERAÇÃO PARANAPANEMA SA;DUKE ENERGY INT,GERAÇÃO PARANAPANEMA SA;Energia Elétrica;Energia Elétrica
GEPA4;DUKE ENERGY INT,GERAÇÃO PARANAPANEMA SA;DUKE ENERGY INT,GERAÇÃO PARANAPANEMA SA;Energia Elétrica;Energia Elétrica
GETI3;AES TIETE SA;AES TIETE SA;Energia Elétrica;Energia Elétrica
GETI4;AES TIETE SA;AES TIETE SA;Energia Elétrica;Energia Elétrica
GETT3;GETNET BR;GETNET ADQUIRENCIA E SERV PARA MEIOS DE PGTO S.A.;Serviços Financeiros Diversos;Serviços Financeiros Diversos
GETT4;GETNET BR;GETNET ADQUIRENCIA E SERV PARA MEIOS DE PGTO S.A.;Serviços Financeiros Diversos;Serviços Financeiros Diversos
GFSA3;GAFISA;GAFISA SA;Construção Civil;Incorporações
GGBR3;GERDAU S.A.;GERDAU SA;Siderurgia e Metalurgia;Siderurgia
GGBR4;GERDAU S.A.;GERDAU SA;Siderurgia e Metalurgia;Siderurgia
GGPS3;GPS;GPS PARTICIPACOES E EMPREENDIMENTOS S.A.;Serviços Diversos;Serviços Diversos
GLOB4;CASAS BAHIA;GRUPO CASAS BAHIA S.A.;Comércio;Eletrodomésticos
GMAT3;GRUPO MATEUS;GRUPO MATEUS S.A.;Comércio e Distribuição;Alimentos
GNDI3;INTERMEDICA;NOTRE DAME INTERMEDICA PARTICIPACOES SA;Serv.Méd.Hospit. Análises e Diagnósticos;Serv.Méd.Hospit. Análises e Diagnósticos
GOAU3;METALÚRGICA GERDAU;METALURGICA GERDAU SA;Siderurgia e Metalurgia;Siderurgia
GOAU4;METALÚRGICA GERDAU;METALURGICA GERDAU SA;Siderurgia e Metalurgia;Siderurgia
GOLL4;GOL LINHAS AEREAS INTELIGENTES SA;GOL LINHAS AEREAS INTELIGENTES SA;Transporte;Transporte Aéreo
GPAR3;CELGPAR;CIA CELG DE PARTICIPACOES - CELGPAR;Energia Elétrica;Energia Elétrica
GPCP3;DEXXOS PAR;DEXXOS PARTICIPACOES S.A.;Outros;Outros
GPIV33;GP INVESTMENTS, LTD;GP INVESTMENTS, LTD;Serviços Financeiros Diversos;Gestão de Recursos e Investimentos
GRND3;GRENDENE SA;GRENDENE SA;Tecidos, Vestuário e Calçados;Calçados
GRNL4;GRANÓLEO S/A;GRANOLEO SA CI SEMS OLEAGS DER;Outros;NA
GSHP3;Generalshopp;GENERAL SHOPPING BRASIL SA;Exploração de Imóveis;Exploração de Imóveis
GUAR3;GUARARAPES CONFECÇÕES;GUARARAPES CONFECÇÕES SA;Comércio;Tecidos, Vestuário e Calçados
GUAR4;GUARARAPES CONFECÇÕES;GUARARAPES CONFECÇÕES SA;Comércio;Tecidos, Vestuário e Calçados
GVTT3;GVT HOLDING;GVT (HOLDING) S.A.;Outros;NA
HAGA3;HAGA;FERRAGENS HAGA SA;Construção e Engenharia;Produtos para Construção
HAGA4;HAGA;FERRAGENS HAGA SA;Construção e Engenharia;Produtos para Construção
HAPV3;HAPVIDA;HAPVIDA PARTICIPACOES E INVESTIMENTOS SA;Serv.Méd.Hospit. Análises e Diagnósticos;Serv.Méd.Hospit. Análises e Diagnósticos
HBOR3;Helbor;HELBOR EMPREENDIMENTOS S/A;Construção Civil;Incorporações
HBRE3;HBR REALTY;HBR REALTY EMPREENDIMENTOS IMOBILIARIOS S/A;Exploração de Imóveis;Exploração de Imóveis
HBSA3;HIDROVIAS;HIDROVIAS DO BRASIL S.A.;Transporte;Transporte Hidroviário
HBTS5;CIA HABITASUL;COMPANHIIA HABITASUL DE PARTICIPAÇÕES;Exploração de Imóveis;Exploração de Imóveis
HETA3;HERCULES S/A;HERCULES S/A - FABRICA DE TALHERES;Utilidades Domésticas;Utensílios Domésticos
HETA4;HERCULES S/A;HERCULES S/A - FABRICA DE TALHERES;Utilidades Domésticas;Utensílios Domésticos
HGTX3;CIA HERING;CIA HERING;Tecidos, Vestuário e Calçados;Vestuário
HGTX4;CIA HERING;CIA HERING;Tecidos, Vestuário e Calçados;Vestuário
HOOT4;HOTEIS OTHON S.A.;HOTEIS OTHON SA;Hoteis e Restaurantes;Hotelaria
HRTP3;PETRORIO;PETRO RIO S.A.;Outros;Outros
HYPE3;HYPERA;HYPERA S.A.;Comércio e Distribuição;Medicamentos e Outros Produtos
ICPI3;CIMENTO ITAU CORUMBA;CIMENTO ITAU DE CORUMBA SA;Outros;NA
IDNT3;PADTEC;PADTEC HOLDING S.A.;Outros;Outros
IDVL11;Indusval;BCO INDUSVAL S.A.;Intermediários Financeiros;Bancos
IDVL3;Indusval;BCO INDUSVAL S.A.;Intermediários Financeiros;Bancos
IDVL4;Indusval;BCO INDUSVAL S.A.;Intermediários Financeiros;Bancos
IENG3;INEPAR ENERGIA;INEPAR ENERGIA SA;Energia Elétrica;Energia Elétrica
IENG5;INEPAR ENERGIA;INEPAR ENERGIA SA;Energia Elétrica;Energia Elétrica
IFCM3;INFRACOMM;INFRACOMMERCE CXAAS S.A.;Programas e Serviços;Programas e Serviços
IGBR3;GRADIENTE;GRADIENTE ELETRONICA S A;Exploração de Imóveis;Exploração de Imóveis
IGBR5;GRADIENTE;GRADIENTE ELETRONICA S A;Exploração de Imóveis;Exploração de Imóveis
IGBR6;GRADIENTE;GRADIENTE ELETRONICA S A;Exploração de Imóveis;Exploração de Imóveis
IGTA3;IGUATEMI;IGUATEMI EMPRESA DE SHOPPING CENTERS S.A;Exploração de Imóveis;Exploração de Imóveis
IGTI11;IGUATEMI S.A;JEREISSATI PARTICIPACOES S.A.;Exploração de Imóveis;Exploração de Imóveis
IGTI3;IGUATEMI S.A;JEREISSATI PARTICIPACOES S.A.;Exploração de Imóveis;Exploração de Imóveis
IGUA3;CIA. IGUAÇU DE CAFÉ SOLÚVEL;CIA. IGUAÇU DE CAFÉ SOLÚVEL;Outros;NA
IGUA5;CIA. IGUAÇU DE CAFÉ SOLÚVEL;CIA. IGUAÇU DE CAFÉ SOLÚVEL;Outros;NA
IGUA6;CIA. IGUAÇU DE CAFÉ SOLÚVEL;CIA. IGUAÇU DE CAFÉ SOLÚVEL;Outros;NA
ILLS4;LINHAS CIRCULO;CIRCULO S/A;Outros;NA
ILMD3;YARA BRASIL FERTILIZANTES S.A.;YARA BRASIL FERTILIZANTES S.A.;Químicos;Fertilizantes e Defensivos
ILMD4;YARA BRASIL FERTILIZANTES S.A.;YARA BRASIL FERTILIZANTES S.A.;Químicos;Fertilizantes e Defensivos
IMBI3;COMPANHIA DOCAS DE IMBITUBA;CIA DOCAS DE IMBITUBA;Transporte;Serviços de Apoio e Armazenagem
IMBI4;COMPANHIA DOCAS DE IMBITUBA;CIA DOCAS DE IMBITUBA;Transporte;Serviços de Apoio e Armazenagem
IMCH3;IMC HOLDINGS;International Meal Company Holdings S.A.;Hoteis e Restaurantes;Restaurante e Similares
INEP3;INEPAR S/A;INEPAR SA IND E CONSTRUCOES;Máquinas e Equipamentos;Máq. e Equip. Industriais
INEP4;INEPAR S/A;INEPAR SA IND E CONSTRUCOES;Máquinas e Equipamentos;Máq. e Equip. Industriais
INET3;FICTORALIMEN;FICTOR ALIMENTOS S.A;Outros;Outros
INHA3;GAFISA;GAFISA SA;Construção Civil;Incorporações
INTB3;INTELBRAS;INTELBRAS S.A. IND DE TELEC ELETRONICA BRASILEIRA;Computadores e Equipamentos;Computadores e Equipamentos
IRBR3;IRBBRASIL RE;IRB - BRASIL RESSEGUROS S.A.;Previdência e Seguros;Seguradoras
ISAE3;ISA ENERGIA;ISA ENERGIA BRASIL S.A;Energia Elétrica;Energia Elétrica
ISAE4;ISA ENERGIA;ISA ENERGIA BRASIL S.A;Energia Elétrica;Energia Elétrica
ITEC3;ITAUTEC PHILCO SA - GRUPO ITAUTEC PHILCO;ITAUTEC PHILCO S.A. - GRUPO ITAUTEC PHILCO;Computadores e Equipamentos;Computadores e Equipamentos
ITSA3;ITAÚSA;ITAÚSA - INVESTIMENTOS ITAÚ S.A.;Intermediários Financeiros;Bancos
ITSA4;ITAÚSA;ITAÚSA - INVESTIMENTOS ITAÚ S.A.;Intermediários Financeiros;Bancos
ITUB3;ITAUUNIBANCO;ITAU UNIBANCO HOLDING S.A.;Intermediários Financeiros;Bancos
ITUB4;ITAUUNIBANCO;ITAU UNIBANCO HOLDING S.A.;Intermediários Financeiros;Bancos
IVTT3;BHG;BHG S.A. - BRAZIL HOSPITALITY GROUP;Exploração de Imóveis;Exploração de Imóveis
JALL3;JALLESMACHAD;JALLES MACHADO S.A.;Alimentos Processados;Açucar e Alcool
JBDU3;B TECH EQI;BLUE TECH SOLUTIONS E.Q.I. S;Outros;Outros
JBDU4;B TECH EQI;BLUE TECH SOLUTIONS E.Q.I. S;Outros;Outros
JBSS3;JBS;JBS S.A.;Alimentos Processados;Carnes e Derivados
JFAB4;JARAGUA FABRIL;JARAGUA FABRIL SA;Outros;NA
JFEN3;JOÃO FORTES ENGENHARIA S.A.;JOAO FORTES ENGENHARIA SA;Construção Civil;Incorporações
JHSF3;JHSF Part;JHSF PARTICIPAÇÕES SA;Construção Civil;Incorporações
JOPA3;JOSAPAR S/A;JOSAPAR- JOAQUIM OLIVEIRA S/A PARTICIP;Alimentos Processados;Alimentos Diversos
JOPA4;JOSAPAR S/A;JOSAPAR- JOAQUIM OLIVEIRA S/A PARTICIP;Alimentos Processados;Alimentos Diversos
JPSA3;IGUATEMI S.A;JEREISSATI PARTICIPACOES S.A.;Exploração de Imóveis;Exploração de Imóveis
JSLG3;JULIO SIMOES;JÚLIO SIMÕES LOGÍSTICA S.A.;Transporte;Transporte Rodoviário
KEPL3;KEPLER WEBER SA;KEPLER WEBER SA;Máquinas e Equipamentos;Máq. e Equip. Industriais
KLBN11;KLABIN;KLABIN S.A.;Madeira e Papel;Papel e Celulose
KLBN3;KLABIN;KLABIN S.A.;Madeira e Papel;Papel e Celulose
KLBN4;KLABIN;KLABIN S.A.;Madeira e Papel;Papel e Celulose
KROT11;COGNA;KROTON EDUCACIONAL S.A.;Diversos;Serviços Educacionais
KROT3;COGNA;KROTON EDUCACIONAL S.A.;Outros;Outros
KROT4;COGNA;KROTON EDUCACIONAL S.A.;Diversos;Serviços Educacionais
KRSA3;KORA SAUDE;KORA SAÚDE PARTICIPAÇÕES S.A;Serv.Méd.Hospit. Análises e Diagnósticos;Serv.Méd.Hospit. Análises e Diagnósticos
KSSA3;KLABINSEGALL;KLABIN SEGALL S.A.;Construção Civil;Incorporações
LAME3;LOJAS AMERICANAS S.A.;LOJAS AMERICANAS SA;Comércio;Produtos Diversos
LAME4;LOJAS AMERICANAS S.A.;LOJAS AMERICANAS SA;Comércio;Produtos Diversos
LAND3;TERRASANTAPA;Terra Santa Propriedades Agricolas S.A.;Agropecuária;Agricultura
LATM11;LATAM AIRLN;LATAM AIRLINES GROUP S.A.;Transporte;Transporte Aéreo
LATS3;REXAM BEVERAGE CAN SOUTH AMERICA;REXAM BEVERAGE CAN SOUTH AMERICA S.A.;Outros;NA
LAVV3;LAVVI;LAVVI EMPREENDIMENTOS IMOBILIÁRIOS S.A.;Construção Civil;Incorporações
LCAM3;LOCAMERICA;COMPANHIA DE LOCAÇÃO DAS AMÉRICAS;Diversos;Aluguel de carros
LCSA3;NÃO CONSTA;PARMALAT BRASIL S.A IND DE ALIMENTOS.;Outros;NA
LCSA4;NÃO CONSTA;PARMALAT BRASIL S.A IND DE ALIMENTOS.;Outros;NA
LECO3;LECO;CIA LECO DE PRODS ALIMENTICIOS;Outros;NA
LECO4;LECO;CIA LECO DE PRODS ALIMENTICIOS;Outros;NA
LETO3;MITTO;INDUSTRIAS MICHELETTO S/A;Siderurgia e Metalurgia;Artefatos de Ferro e Aço
LETO5;MITTO;INDUSTRIAS MICHELETTO S/A;Siderurgia e Metalurgia;Artefatos de Ferro e Aço
LEVE3;MAHLE METAL LEVE;MAHLE METAL LEVE S.A.;Automóveis e Motocicletas;Automóveis e Motocicletas
LEVE4;MAHLE METAL LEVE;MAHLE METAL LEVE S.A.;Automóveis e Motocicletas;Automóveis e Motocicletas
LFFE3;LA FONTE TELECOM S/A;LA FONTE TELECOM S/A;Outros;NA
LFFE4;LA FONTE TELECOM S/A;LA FONTE TELECOM S/A;Outros;NA
LGLO4;LIVRARIA DO GLOBO S/A;LIVRARIA DO GLOBO SA;Outros;NA
LIGH3;LIGHT;LIGHT SERVIÇOS DE ELETRICIDADE SA;Energia Elétrica;Energia Elétrica
LIGT3;LIGHT SA;LIGHT SA;Energia Elétrica;Energia Elétrica
LINX3;LINX;LINX S.A.;Programas e Serviços;Programas e Serviços
LIPR3;LIGHTPAR;LIGHT PARTICIPAÇÕES S.A. - LIGHTPAR;Energia Elétrica;Energia Elétrica
LIXC3;LIX DA CUNHA;CONST LIX DA CUNHA SA;Outros;NA
LIXC4;LIX DA CUNHA;CONST LIX DA CUNHA SA;Outros;NA
LJQQ3;QUERO-QUERO;LOJAS QUERO-QUERO S/A;Comércio;Produtos Diversos
LLIS3;VESTE;VESTE S.A. ESTILO;Outros;Outros
LOGG3;LOG COM PROP;LOG COMMERCIAL PROPERTIES;Exploração de Imóveis;Exploração de Imóveis
LOGN3;Log-In;LOG-IN LOGISTICA INTERMODAL SA;Transporte;Transporte Hidroviário
LPSB3;LOPES BRASIL;LPS BRASIL - CONSULTORIA DE IMOVEIS S.A.;Exploração de Imóveis;Intermediação Imobiliária
LREN3;RENNER;LOJAS RENNER SA;Comércio;Tecidos, Vestuário e Calçados
LREN4;RENNER;LOJAS RENNER SA;Comércio;Tecidos, Vestuário e Calçados
LUPA3;LUPATECH;LUPATECH S.A.;Petróleo, Gás e Biocombustíveis;Equipamentos e Serviços
LUXM3;TREVISA INVESTIMENTOS SA;TREVISA INVESTIMENTOS SA;Transporte;Transporte Hidroviário
LUXM4;TREVISA INVESTIMENTOS SA;TREVISA INVESTIMENTOS SA;Transporte;Transporte Hidroviário
LVTC3;WDC NETWORKS;LIVETECH DA BAHIA INDUSTRIA E COMERCIO S/A;Programas e Serviços;Programas e Serviços
LWSA3;LOCAWEB;LOCAWEB SERVIÇOS DE INTERNET S.A.;Programas e Serviços;Programas e Serviços
MAGG3;MAGNESITA REFRATÁRIOS;MAGNESITA REFRATÁRIOS S/A;Outros;NA
MAGS3;MAGNESITA S/A;MAGNESITA SA;Outros;NA
MAPT3;CIA MARCOPOLO;CEMEPE INVESTIMENTOS SA;Outros;Outros
MAPT4;CIA MARCOPOLO;CEMEPE INVESTIMENTOS SA;Outros;Outros
MARI3;Marisa;MARISA SA;Comércio;Tecidos, Vestuário e Calçados
MATD3;MATER DEI;HOSPITAL MATER DEI S/A;Serv.Méd.Hospit. Análises e Diagnósticos;Serv.Méd.Hospit. Análises e Diagnósticos
MBLY3;MOBLY;Mobly S.A.;Programas e Serviços;Programas e Serviços
MDIA3;M.DIASBRANCO;M.DIAS BRANCO S.A. IND COM DE ALIMENTOS;Alimentos Processados;Alimentos Diversos
MDNE3;MOURA DUBEUX;MOURA DUBEUX ENGENHARIA S/A;Construção Civil;Incorporações
MEAL3;IMC S/A;INTERNATIONAL MEAL COMPANY ALIMENTACAO S.A.;Hoteis e Restaurantes;Restaurante e Similares
MEDI3;MEDIAL SAUDE;MEDIAL SAUDE S.A.;Serv.Méd.Hospit. Análises e Diagnósticos;Serv.Méd.Hospit. Análises e Diagnósticos
MEGA3;SERENA;SERENA ENERGIA S.A.;Outros;Outros
MELK3;MELNICK;MELNICK EVEN DESENVOLVIMENTO IMOBILIÁRIO S.A.;Construção Civil;Incorporações
MEND5;MENDES JUNIOR ENGENHARIA S/A;MENDES JUNIOR ENGENHARIA SA;Outros;NA
MEND6;MENDES JUNIOR ENGENHARIA S/A;MENDES JUNIOR ENGENHARIA SA;Outros;NA
MERC3;MERCANTIL BRASIL;MERCANTIL DO BR FINC SA CFI;Intermediários Financeiros;Soc. Crédito e Financiamento
MERC4;MERCANTIL BRASIL;MERCANTIL DO BR FINC SA CFI;Intermediários Financeiros;Soc. Crédito e Financiamento
MGEL3;MANGELS;MANGELS INDUSTRIAL SA;Siderurgia e Metalurgia;Artefatos de Ferro e Aço
MGEL4;MANGELS;MANGELS INDUSTRIAL SA;Siderurgia e Metalurgia;Artefatos de Ferro e Aço
MGLU3;MAGAZ LUIZA;MAGAZINE LUIZA S.A.;Comércio;Eletrodomésticos
MILK33;Laep DR3;LAEP INVESTMENTS LTD.;Outros;NA
MILS3;MILLS;MILLS ESTRUTURAS E SERVIÇOS DE ENGENHARIA S.A.;Diversos;Aluguel de carros
MLAS3;MULTILASER;MULTILASER INDUSTRIAL S.A.;Computadores e Equipamentos;Computadores e Equipamentos
MLFT3;IGUATEMI S.A;JEREISSATI PARTICIPACOES S.A.;Outros;Outros
MLFT4;IGUATEMI S.A;JEREISSATI PARTICIPACOES S.A.;Exploração de Imóveis;Exploração de Imóveis
MLPA12;MELHORAMENTOS PAPEIS;MELPAPER SA;Madeira e Papel;Papel e Celulose
MLPA3;MELHORAMENTOS PAPEIS;MELPAPER SA;Madeira e Papel;Papel e Celulose
MLPA4;MELHORAMENTOS PAPEIS;MELPAPER SA;Madeira e Papel;Papel e Celulose
MMAQ3;MINASMÁQUINAS S/A;MINASMAQUINAS SA;Comércio;Material de Transporte
MMAQ4;MINASMÁQUINAS S/A;MINASMAQUINAS SA;Comércio;Material de Transporte
MMXM3;MMX MINER;MMX MINERAÇÃO E METÁLICOS S.A.;Mineração;Minerais Metálicos
MNDL3;MUNDIAL S/A;MUNDIAL S/A - PRODUTOS DE CONSUMO;Tecidos, Vestuário e Calçados;Acessórios
MNDL4;MUNDIAL S/A;MUNDIAL S/A - PRODUTOS DE CONSUMO;Tecidos, Vestuário e Calçados;Acessórios
MNPR3;MINUPAR;MINUPAR PARTICIPACOES SA;Alimentos Processados;Carnes e Derivados
MNPR4;MINUPAR;MINUPAR PARTICIPACOES SA;Alimentos Processados;Carnes e Derivados
MNSA3;MANASA;MANASA MADEIREIRA NACIONAL SA;Outros;NA
MNSA4;MANASA;MANASA MADEIREIRA NACIONAL SA;Outros;NA
MOAR3;MONTEIRO ARANHA;MONTEIRO ARANHA SA;Holdings Diversificadas;Holdings Diversificadas
MODL11;MODALMAIS;BANCO MODAL S.A;Intermediários Financeiros;Bancos
MODL3;MODALMAIS;BANCO MODAL S.A;Intermediários Financeiros;Bancos
MODL4;MODALMAIS;BANCO MODAL S.A;Intermediários Financeiros;Bancos
MOSI3;MOSAICO SA;Mosaico Tecnologia ao Consumidor S.A.;Programas e Serviços;Programas e Serviços
MOVI3;MOVIDA;MOVIDA PARTICIPACOES SA;Diversos;Aluguel de carros
MPLU3;MULTIPLUS;Multiplus S.A.;Outros;NA
MRFG3;Marfrig;MARFRIG FRIGORIFICOS E COM DE ALIM S.A.;Alimentos Processados;Carnes e Derivados
MRSA3B;MRS LOGÍSTICA S/A;MRS LOGÍSTICA S/A;Transporte;Transporte Ferroviário
MRSA5B;MRS LOGÍSTICA S/A;MRS LOGÍSTICA S/A;Transporte;Transporte Ferroviário
MRSA6B;MRS LOGÍSTICA S/A;MRS LOGÍSTICA S/A;Transporte;Transporte Ferroviário
MRSL3;MARISOL;MARISOL SA;Tecidos, Vestuário e Calçados;Vestuário
MRSL4;MARISOL;MARISOL SA;Tecidos, Vestuário e Calçados;Vestuário
MRVE3;MRV;MRV ENGENHARIA E PARTICIPAÇÕES S/A;Construção Civil;Incorporações
MSAN3;BUNGE BRASIL S.A.;BUNGE BRASIL SA;Outros;NA
MSAN4;BUNGE BRASIL S.A.;BUNGE BRASIL SA;Outros;NA
MSPA3;MELHORAMENTOS;COMPANHIA MELHORAMENTOS DE SÃO PAULO;Madeira e Papel;Papel e Celulose
MSPA4;MELHORAMENTOS;COMPANHIA MELHORAMENTOS DE SÃO PAULO;Madeira e Papel;Papel e Celulose
MTBR3;WHIRLPOOL S.A.;WHIRLPOOL S.A.;Utilidades Domésticas;Eletrodomésticos
MTBR4;WHIRLPOOL S.A.;WHIRLPOOL S.A.;Utilidades Domésticas;Eletrodomésticos
MTIG3;IGUAÇU;METALGRAFICA IGUACU SA;Embalagens;Embalagens
MTIG4;IGUAÇU;METALGRAFICA IGUACU SA;Embalagens;Embalagens
MTRE3;MITRE REALTY;MITRE REALTY EMPREENDIMENTOS E PARTICIPAÇÕES S.A.;Construção Civil;Incorporações
MTSA4;METISA;METISA METALÚRGICA TIMBOENSE SA;Máquinas e Equipamentos;Máq. e Equip. Construção e Agrícolas
MULT3;Multiplan;MULTIPLAN EMP. IMOBILIARIOS S/A;Exploração de Imóveis;Exploração de Imóveis
MWET3;WETZEL S.A.;WETZEL S.A.;Material de Transporte;Material Rodoviário
MWET4;WETZEL S.A.;WETZEL S.A.;Material de Transporte;Material Rodoviário
MYPK3;IOCHPE-MAXION;IOCHPE-MAXION SA;Automóveis e Motocicletas;Automóveis e Motocicletas
MYPK4;IOCHPE-MAXION;IOCHPE-MAXION SA;Automóveis e Motocicletas;Automóveis e Motocicletas
NAFG3;NADIR FIGUEIREDO;NADIR FIGUEIREDO IND E COM SA;Outros;NA
NAFG4;NADIR FIGUEIREDO;NADIR FIGUEIREDO IND E COM SA;Outros;NA
NATU3;NATURA COSMETICOS SA;NATURA COSMETICOS SA;Outros;NA
NEOE3;NEOENERGIA;NEOENERGIA S.A.;Energia Elétrica;Energia Elétrica
NETC3;NET SERVIÇOS DE COMUNICAÇÃO S.A.;NET SERVIÇOS DE COMUNICAÇÃO S.A.;Outros;NA
NETC4;NET SERVIÇOS DE COMUNICAÇÃO S.A.;NET SERVIÇOS DE COMUNICAÇÃO S.A.;Outros;NA
NEXP3;NEXPE;NEXPE PARTICIPAÇÕES S.A;Exploração de Imóveis;Intermediação Imobiliária
NGRD3;NEOGRID;NEOGRID PARTICIPACOES S.A.;Programas e Serviços;Programas e Serviços
NINJ3;REAGINVEST;REAGINVEST BRASIL S.A;Outros;Outros
NORD3;NORDON INDS METALURGICAS SA;NORDON INDS METALURGICAS SA;Máquinas e Equipamentos;Máq. e Equip. Industriais
NTCO3;GRUPO NATURA;NATURA &CO HOLDING S.A.;Produtos de Uso Pessoal e de Limpeza;Produtos de Uso Pessoal
NUTR3;NUTRIPLANT;NUTRIPLANT INDÚSTRIA E COMÉRCIO S/A;Químicos;Fertilizantes e Defensivos
ODER3;CONSERVAS ODERICH SA;CONSERVAS ODERICH SA;Alimentos Processados;Alimentos Diversos
ODER4;CONSERVAS ODERICH SA;CONSERVAS ODERICH SA;Alimentos Processados;Alimentos Diversos
ODPV3;ODONTOPREV;ODONTOPREV S.A.;Serv.Méd.Hospit. Análises e Diagnósticos;Serv.Méd.Hospit. Análises e Diagnósticos
OFSA3;OUROFINO S/A;OURO FINO SAUDE ANIMAL PARTICIPACOES S.A.;Medicamentos e Outros Produtos;Medicamentos e Outros Produtos
OGXP3;OGX;ÓLEO E GÁS PARTICIPAÇÕES S.A.;Petróleo, Gás e Biocombustíveis;Exploração, Refino e Distribuição
OIBR3;OI;OI S.A.;Telecomunicações;Telecomunicações
OIBR4;OI;OI S.A.;Telecomunicações;Telecomunicações
OMGE3;OMEGA GER;OMEGA GERAÇÃO S.A.;Energia Elétrica;Energia Elétrica
ONCO3;ONCOCLINICAS;ONCOCLINICAS DO BRASIL SERVICOS MEDICOS S.A.;Serv.Méd.Hospit. Análises e Diagnósticos;Serv.Méd.Hospit. Análises e Diagnósticos
OPCT3;OCEANPACT;OCEANPACT SERVICOS MARITIMOS S.A.;Petróleo, Gás e Biocombustíveis;Equipamentos e Serviços
ORVR3;ORIZON;ORIZON VALORIZACAO DE RESIDUOS S.A.;Água e Saneamento;Água e Saneamento
OSAO4;PLASCAR PARTICIPAÇÕES INDUSTRIAIS S.A;PLASCAR PARTICIPAÇÕES INDUSTRIAIS S.A;Automóveis e Motocicletas;Automóveis e Motocicletas
OSXB3;OSX BRASIL;OSX BRASIL S.A.;Petróleo, Gás e Biocombustíveis;Equipamentos e Serviços
PALF11;CPFL;COMPANHIA PAULISTA DE FORCA LUZ - CPFL;Energia Elétrica;Energia Elétrica
PALF3;CPFL;COMPANHIA PAULISTA DE FORCA LUZ - CPFL;Energia Elétrica;Energia Elétrica
PALF5;CPFL;COMPANHIA PAULISTA DE FORCA LUZ - CPFL;Energia Elétrica;Energia Elétrica
PARC3;WIZ CO;WIZ CO PARTICIPAÇÕES E CORRETAGEM DE SEGUROS S.A.;Outros;Outros
PARD3;IHPARDINI;INSTITUTO HERMES PARDINI S.A.;Serv.Méd.Hospit. Análises e Diagnósticos;Serv.Méd.Hospit. Análises e Diagnósticos
PATI3;PANATLANTICA;PANATLANTICA SA;Siderurgia e Metalurgia;Artefatos de Ferro e Aço
PATI4;PANATLANTICA;PANATLANTICA SA;Siderurgia e Metalurgia;Artefatos de Ferro e Aço
PCAR3;PÃO DE AÇÚCAR;COMPANHIA BRASILEIRA DE DISTRIBUIÇÃO;Comércio e Distribuição;Alimentos
PCAR4;PÃO DE AÇÚCAR;COMPANHIA BRASILEIRA DE DISTRIBUIÇÃO;Comércio e Distribuição;Alimentos
PCAR5;PÃO DE AÇÚCAR;COMPANHIA BRASILEIRA DE DISTRIBUIÇÃO;Comércio e Distribuição;Alimentos
PDGR3;PDG REALT;PDG REALTY S.A. EMPREEND E PARTICIPACOES;Construção Civil;Incorporações
PDTC3;PADTEC;PADTEC HOLDING S.A.;Serviços Financeiros Diversos;Gestão de Recursos e Investimentos
PEAB3;CIA. DE PARTICIPAÇÕES ALIANÇA DA BAHIA;CIA DE PARTICIPAÇÕES ALIANÇA DA BAHIA;Holdings Diversificadas;Holdings Diversificadas
PEAB4;CIA. DE PARTICIPAÇÕES ALIANÇA DA BAHIA;CIA DE PARTICIPAÇÕES ALIANÇA DA BAHIA;Holdings Diversificadas;Holdings Diversificadas
PEFX3;PETROFLEX INDÚSTRIA E COMÉRCIO S.A;PETROFLEX INDÚSTRIA E COMÉRCIO S.A.;Químicos;Petroquímicos
PEFX5;PETROFLEX INDÚSTRIA E COMÉRCIO S.A;PETROFLEX INDÚSTRIA E COMÉRCIO S.A.;Químicos;Petroquímicos
PETR3;PETROBRAS;PETRÓLEO BRASILEIRO S.A. - PETROBRAS;Petróleo, Gás e Biocombustíveis;Exploração, Refino e Distribuição
PETR4;PETROBRAS;PETRÓLEO BRASILEIRO S.A. - PETROBRAS;Petróleo, Gás e Biocombustíveis;Exploração, Refino e Distribuição
PETZ3;PETZ;PET CENTER COMERCIO E PARTICIPACOES S.A.;Comércio;Produtos Diversos
PFRM3;PROFARMA;PROFARMA DISTRIB PROD FARMACEUTICOS S.A.;Comércio e Distribuição;Medicamentos e Outros Produtos
PGMN3;PAGUE MENOS;EMPREENDIMENTOS PAGUE MENOS S.A.;Comércio e Distribuição;Medicamentos e Outros Produtos
PINE3;Pine;BANCO PINE S/A;Intermediários Financeiros;Bancos
PINE4;Pine;BANCO PINE S/A;Intermediários Financeiros;Bancos
PITI4;AV. DR CHUCRI ZAIDAN, 920 - 16§ ANDAR;LF TEL SA;Outros;NA
PLAS3;PLASCAR PARTICIPAÇÕES INDUSTRIAIS S.A;PLASCAR PARTICIPAÇÕES INDUSTRIAIS S.A;Automóveis e Motocicletas;Automóveis e Motocicletas
PLDN4;POLIALDEN;POLIALDEN PETROQUIMICA SA;Outros;NA
PLIM4;NET SERVIÇOS DE COMUNICAÇÃO S.A.;NET SERVIÇOS DE COMUNICAÇÃO S.A.;Outros;NA
PLPL3;PLANOEPLANO;PLANO & PLANO DESENVOLVIMENTO IMOBILIÁRIO S.A.;Construção Civil;Incorporações
PLTO5;POLITENO IND E COMERCIO S.A.;POLITENO IND E COMERCIO SA;Outros;NA
PLTO6;POLITENO IND E COMERCIO S.A.;POLITENO IND E COMERCIO SA;Outros;NA
PMAM3;PARANAPANEMA S.A.;PARANAPANEMA SA;Siderurgia e Metalurgia;Artefatos de Cobre
PMAM4;PARANAPANEMA S.A.;PARANAPANEMA SA;Siderurgia e Metalurgia;Artefatos de Cobre
PMET3;PRO METALURG;PRÓ METALURGIA S.A.;Outros;NA
PMET5;PRO METALURG;PRÓ METALURGIA S.A.;Outros;NA
PMET6;PRO METALURG;PRÓ METALURGIA S.A.;Outros;NA
PNOR5;PRONOR;PRONOR PETROQUIMICA SA;Químicos;Petroquímicos
PNOR6;PRONOR;PRONOR PETROQUIMICA SA;Químicos;Petroquímicos
PNVL3;PANVEL FARMÁCIAS;DIMED SA DISTRIBUIDORA DE MEDICAMENTOS;Comércio e Distribuição;Medicamentos e Outros Produtos
PNVL4;PANVEL FARMÁCIAS;DIMED SA DISTRIBUIDORA DE MEDICAMENTOS;Comércio e Distribuição;Medicamentos e Outros Produtos
POMO3;MARCOPOLO;MARCOPOLO SA;Material de Transporte;Material Rodoviário
POMO4;MARCOPOLO;MARCOPOLO SA;Material de Transporte;Material Rodoviário
POPR4;POLIPROPILENO S.A.;POLIPROPILENO SA;Outros;NA
PORP4;POLIPROPILENO PARTICIPAÇÕES S.A.;POLIPROPILENO PARTICIPACOES S.A.;Outros;NA
PORT3;WILSON SONS;WILSON SONS HOLDINGS BRASIL S.A.;Transporte;Serviços de Apoio e Armazenagem
POSI3;POSITIVO TEC;POSITIVO TECNOLOGIA S.A.;Computadores e Equipamentos;Computadores e Equipamentos
POWE3;FOCUS ON;FOCUS ENERGIA HOLDING PARTICIPAÇÕES S.A;Energia Elétrica;Energia Elétrica
PQUN3;PETROQUIMICA UNIAO S.A.;PETROQUIMICA UNIAO SA;Químicos;Petroquímicos
PQUN4;PETROQUIMICA UNIAO S.A.;PETROQUIMICA UNIAO SA;Químicos;Petroquímicos
PRBC3;Parana;PARANA BANCO S.A.;Intermediários Financeiros;Bancos
PRBC4;Parana;PARANA BANCO S.A.;Intermediários Financeiros;Bancos
PRGA4;BRF Foods;BRF Foods;Alimentos Processados;Carnes e Derivados
PRIO3;PETRORIO;PETRO RIO S.A.;Petróleo, Gás e Biocombustíveis;Exploração, Refino e Distribuição
PRML3;PRUMO;PRUMO LOGÍSTICA S.A.;Transporte;Serviços de Apoio e Armazenagem
PRNR3;PRINER;PRINER SERVIÇOS INDUSTRIAIS S.A.;Serviços Diversos;Serviços Diversos
PRTX3;PORTX;CENTENNIAL ASSET PARTICIP. SUDESTE S.A.;Transporte;Serviços de Apoio e Armazenagem
PRVI3;Providencia;COMPANHIA PROVIDENCIA IND E COMERCIO;Outros;NA
PSSA3;PORTO SEGURO SA;PORTO SEGURO SA;Previdência e Seguros;Seguradoras
PTBL3;PORTOBELLO S/A;PBG S/A;Construção e Engenharia;Produtos para Construção
PTBL4;PORTOBELLO S/A;PBG S/A;Construção e Engenharia;Produtos para Construção
PTIP3;IPIRANGA PETROQUIMICA SA;IPIRANGA PETROQUIMICA SA;Outros;NA
PTIP4;IPIRANGA PETROQUIMICA SA;IPIRANGA PETROQUIMICA SA;Outros;NA
PTNT3;PETTENATI;PETTENATI SA IND TEXTIL;Tecidos, Vestuário e Calçados;Fios e Tecidos
PTNT4;PETTENATI;PETTENATI SA IND TEXTIL;Tecidos, Vestuário e Calçados;Fios e Tecidos
PTPA3;PETROPAR SA;PETROPAR SA;Outros;NA
PTPA4;PETROPAR SA;PETROPAR SA;Outros;NA
PTQS4;PETROQUISA;PETROBRAS QUÍMICA S.A.- PETROQUISA;Outros;NA
QGEP3;ENAUTA PART;ENAUTA PARTICIPAÇÕES S.A.;Outros;Outros
QUAL3;QUALICORP;QUALICORP S.A.;Serv.Méd.Hospit. Análises e Diagnósticos;Serv.Méd.Hospit. Análises e Diagnósticos
RADL3;RAIADROGASIL;RAIA DROGASIL S.A.;Comércio e Distribuição;Medicamentos e Outros Produtos
RAIA3;RAIA;RAIA S.A.;Comércio e Distribuição;Medicamentos e Outros Produtos
RAIL3;RUMO S.A.;RUMO S.A.;Transporte;Transporte Ferroviário
RAIZ4;RAIZEN;RAIZEN S.A.;Petróleo, Gás e Biocombustíveis;Exploração, Refino e Distribuição
RANI3;IRANI;IRANI PAPEL E EMBALAGEM S.A.;Madeira e Papel;Papel e Celulose
RANI4;IRANI;IRANI PAPEL E EMBALAGEM S.A.;Madeira e Papel;Papel e Celulose
RAPT3;RANDON S.A. IMPLEMENTOS E PARTICIPAÇÕES;RANDON S.A. IMPLEMENTOS E PARTICIPAÇÕES;Material de Transporte;Material Rodoviário
RAPT4;RANDON S.A. IMPLEMENTOS E PARTICIPAÇÕES;RANDON S.A. IMPLEMENTOS E PARTICIPAÇÕES;Material de Transporte;Material Rodoviário
RCSL3;RECRUSUL;RECRUSUL SA;Material de Transporte;Material Rodoviário
RCSL4;RECRUSUL;RECRUSUL SA;Material de Transporte;Material Rodoviário
RCTB31;TELEBRAS;TELEC. BRASILEIRAS S.A. - TELEBRÁS;Telecomunicações;Telecomunicações
RCTB33;TELEBRAS;TELEC. BRASILEIRAS S.A. - TELEBRÁS;Telecomunicações;Telecomunicações
RCTB41;TELEBRAS;TELEC. BRASILEIRAS S.A. - TELEBRÁS;Telecomunicações;Telecomunicações
RCTB42;TELEBRAS;TELEC. BRASILEIRAS S.A. - TELEBRÁS;Telecomunicações;Telecomunicações
RDCD3;Redecard;REDECARD S.A.;Serviços Financeiros Diversos;Serviços Financeiros Diversos
RDNI3;RNI;RNI NEGÓCIOS IMOBILIÁRIOS S.A.;Construção Civil;Incorporações
RDOR3;REDE D OR;Rede DOr São Luiz S.A.;Serv.Méd.Hospit. Análises e Diagnósticos;Serv.Méd.Hospit. Análises e Diagnósticos
RDTR3;REDENTOR;REDENTOR ENERGIA S.A.;Outros;NA
REAG3;REAGINVEST;REAGINVEST BRASIL S.A;Programas e Serviços;Programas e Serviços
RECV3;PETRORECONCA;PETRORECÔNCAVO S.A.;Petróleo, Gás e Biocombustíveis;Exploração, Refino e Distribuição
REDE3;REDE EMPRESAS DE ENERGIA ELÉTRICA S.A.;REDE EMPRESAS DE ENERGIA ELÉTRICA S.A.;Energia Elétrica;Energia Elétrica
REDE4;REDE EMPRESAS DE ENERGIA ELÉTRICA S.A.;REDE EMPRESAS DE ENERGIA ELÉTRICA S.A.;Energia Elétrica;Energia Elétrica
REEM4;RHEEM EMPRS;RIMET EMPREEND. INDS. E COMERCIAIS S/A;Outros;NA
RENT3;LOCALIZA RENT A CAR;LOCALIZA RENT A CAR SA;Diversos;Aluguel de carros
REPA3;ELECTROLUX;ELECTROLUX DO BRASIL SA;Outros;NA
REPA4;ELECTROLUX;ELECTROLUX DO BRASIL SA;Outros;NA
RGEG3;RGE - RIO GRANDE ENERGIA;RIO GRANDE ENERGIA SA;Energia Elétrica;Energia Elétrica
RHDS3;M G POLIEST;M G POLIESTER S.A.;Químicos;Petroquímicos
RHDS4;M G POLIEST;M G POLIESTER S.A.;Químicos;Petroquímicos
RIPI3;REFINARIA DE PETRÓLEO IPIRANGA SA;REFINARIA PET IPIRANGA SA;Petróleo, Gás e Biocombustíveis;Exploração, Refino e Distribuição
RIPI4;REFINARIA DE PETRÓLEO IPIRANGA SA;REFINARIA PET IPIRANGA SA;Petróleo, Gás e Biocombustíveis;Exploração, Refino e Distribuição
RJCP3;RJCP EQUITY;RJCP EQUITY S.A.;Outros;NA
RLOG3;COSAN LOG;COSAN LOGISTICA S.A.;Transporte;Transporte Ferroviário
RNAR3;POMIFRUTAS;POMIFRUTAS S/A;Outros;Outros
RNEW11;RENOVA;RENOVA ENERGIA S.A.;Energia Elétrica;Energia Elétrica
RNEW3;RENOVA;RENOVA ENERGIA S.A.;Energia Elétrica;Energia Elétrica
RNEW4;RENOVA;RENOVA ENERGIA S.A.;Energia Elétrica;Energia Elétrica
RNPT3;RENNER PARTICIPAÇÕES S/A;RENNER PARTICIPAÇÕES SA;Intermediários Financeiros;Bancos
RNPT4;RENNER PARTICIPAÇÕES S/A;RENNER PARTICIPAÇÕES SA;Intermediários Financeiros;Bancos
ROMI3;ROMI;INDS ROMI SA;Máquinas e Equipamentos;Máq. e Equip. Industriais
ROMI4;ROMI;INDS ROMI SA;Máquinas e Equipamentos;Máq. e Equip. Industriais
RPAD3;ALFA HOLDINGS;ALFA HOLDINGS SA;Intermediários Financeiros;Bancos
RPAD5;ALFA HOLDINGS;ALFA HOLDINGS SA;Intermediários Financeiros;Bancos
RPAD6;ALFA HOLDINGS;ALFA HOLDINGS SA;Intermediários Financeiros;Bancos
RPMG3;REFINARIA DE PETRÓLEOS DE MANGUINHOS S.A;REFINARIA PET MANGUINHOS SA;Petróleo, Gás e Biocombustíveis;Exploração, Refino e Distribuição
RPMG4;REFINARIA DE PETRÓLEOS DE MANGUINHOS S.A;REFINARIA PET MANGUINHOS SA;Petróleo, Gás e Biocombustíveis;Exploração, Refino e Distribuição
RPSA4;RIPASA;RIPASA SA CELULOSE E PAPEL;Outros;NA
RRRP3;BRAVA;3R PETROLEUM ÓLEO E GÁS S.A;Outros;Outros
RSID3;ROSSI RESIDENCIAL;ROSSI RESIDENCIAL SA;Construção Civil;Incorporações
RSIP3;RASIP AGRO PASTORIL;RASIP AGRO PASTORIL SA;Agropecuária;Agricultura
RSIP4;RASIP AGRO PASTORIL;RASIP AGRO PASTORIL SA;Agropecuária;Agricultura
RSUL4;METALURGICA RIOSULENSE S/A;METALURGICA RIOSULENSE SA;Material de Transporte;Material Rodoviário
RUMO3;RUMO LOG;RUMO LOGISTICA OPERADORA MULTIMODAL S.A.;Outros;Outros
SALM3;SEARA ALIMENTOS;SEARA ALIMENTOS SA;Outros;NA
SALM4;SEARA ALIMENTOS;SEARA ALIMENTOS SA;Outros;NA
SANB11;SANTANDER;BANCO SANTANDER S.A.;Intermediários Financeiros;Bancos
SANB3;SANTANDER;BANCO SANTANDER S.A.;Intermediários Financeiros;Bancos
SANB4;SANTANDER;BANCO SANTANDER S.A.;Intermediários Financeiros;Bancos
SAPR11;SANEPAR;CIA. DE SANEAMENTO DO PARANÁ - SANEPAR;Água e Saneamento;Água e Saneamento
SAPR3;SANEPAR;CIA. DE SANEAMENTO DO PARANÁ - SANEPAR;Água e Saneamento;Água e Saneamento
SAPR4;SANEPAR;CIA. DE SANEAMENTO DO PARANÁ - SANEPAR;Água e Saneamento;Água e Saneamento
SASG3;SUL AMERICA SEGUROS;SUL AMERICA CIA NACL SEGUROS;Previdência e Seguros;Seguradoras
SBFG3;GRUPO SBF;GRUPO SBF SA;Comércio;Produtos Diversos
SBSP3;SABESP;CIA SANEAMENTO BÁSICO ESTADO SÃO PAULO;Água e Saneamento;Água e Saneamento
SCAR3;SÃO CARLOS EMPREEND.E PARTICIPAÇÕES S.A.;SÃO CARLOS EMPREENDS E PARTICIPAÇÕES S.A;Exploração de Imóveis;Exploração de Imóveis
SCAR4;SÃO CARLOS EMPREEND.E PARTICIPAÇÕES S.A.;SÃO CARLOS EMPREENDS E PARTICIPAÇÕES S.A;Exploração de Imóveis;Exploração de Imóveis
SCLO3;SCHLOSSER TECIDOS;CIA INDL SCHLOSSER SA;Tecidos, Vestuário e Calçados;Fios e Tecidos
SCLO4;SCHLOSSER TECIDOS;CIA INDL SCHLOSSER SA;Tecidos, Vestuário e Calçados;Fios e Tecidos
SDIA3;SADIA;SADIA SA;Alimentos Processados;Carnes e Derivados
SDIA4;SADIA;SADIA SA;Alimentos Processados;Carnes e Derivados
SEBB11;SEB - SISTEMA EDUCACIONAL BRASILEIRO S/A;SEB - SISTEMA EDUCACIONAL BRASILEIRO S/A;Diversos;Serviços Educacionais
SEBB3;SEB - SISTEMA EDUCACIONAL BRASILEIRO S/A;SEB - SISTEMA EDUCACIONAL BRASILEIRO S/A;Diversos;Serviços Educacionais
SEBB4;SEB - SISTEMA EDUCACIONAL BRASILEIRO S/A;SEB - SISTEMA EDUCACIONAL BRASILEIRO S/A;Diversos;Serviços Educacionais
SEDU3;SOMOS EDUCA;SOMOS EDUCAÇÃO S.A.;Outros;NA
SEER3;SER EDUCA;SER EDUCACIONAL S.A.;Diversos;Serviços Educacionais
SEMP3;SEMP TOSHIBA;SEMP TOSHIBA SA;Comércio;Eletrodomésticos
SEQL3;SEQUOIA LOG;SEQUOIA LOGISTICA E TRANSPORTES S.A;Serviços Diversos;Serviços Diversos
SFSA3;Sofisa;BANCO SOFISA SA;Intermediários Financeiros;Bancos
SFSA4;Sofisa;BANCO SOFISA SA;Intermediários Financeiros;Bancos
SGAS3;WLM;WLM INDÚSTRIA E COMÉRCIO S/A;Outros;Outros
SGAS4;WLM;WLM INDÚSTRIA E COMÉRCIO S/A;Outros;Outros
SGEN3;SERGEN;SERGEN SERVS GERAIS DE ENG SA;Construção Civil;Incorporações
SGEN4;SERGEN;SERGEN SERVS GERAIS DE ENG SA;Construção Civil;Incorporações
SGPS3;Springs;SPRINGS GLOBAL PARTICIPAÇÕES S/A;Tecidos, Vestuário e Calçados;Fios e Tecidos
SHOW3;TIME FOR FUN;T4F Entretenimento S.A.;Viagens e Lazer;Produção de Eventos e Shows
SHUL4;SCHULZ;SCHULZ SA;Máquinas e Equipamentos;Motores, Compressores e Outros
SIMH3;SIMPAR;SIMPAR S.A.;Holdings Diversificadas;Holdings Diversificadas
SJOS3;SÃO JOSÉ;FIACAO TECELAGEM SAO JOSE SA;Tecidos, Vestuário e Calçados;Fios e Tecidos
SJOS4;SÃO JOSÉ;FIACAO TECELAGEM SAO JOSE SA;Tecidos, Vestuário e Calçados;Fios e Tecidos
SLCE3;SLC Agricola;SLC AGRICOLA SA;Agropecuária;Agricultura
SLCP3;SULACAP;SUL AMERICA CAPITALIZACAO S.A.;Outros;NA
SLED3;EDITORA SARAIVA;SARAIVA SA LIVREIROS EDITORES;Comércio;Produtos Diversos
SLED4;EDITORA SARAIVA;SARAIVA SA LIVREIROS EDITORES;Comércio;Produtos Diversos
SMFT3;SMART FIT;SMARTFIT ESCOLA DE GINÁSTICA E DANÇA S.A.;Viagens e Lazer;Atividades Esportivas
SMLE3;SMILES;SMILES S.A.;Outros;NA
SMLS3;SMILES;SMILES FIDELIDADE S.A.;Diversos;Programas de Fidelização
SMTO3;SAO MARTINHO;SAO MARTINHO S.A.;Alimentos Processados;Açucar e Alcool
SNSL3;SINQIA;SINQIA S.A.;Outros;Outros
SNSY5;SANSUY S.A. INDÚSTRIA DE PLÁSTICOS;SANSUY SA INDÚSTRIA DE PLASTICOS;Materiais Diversos;Materiais Diversos
SOJA3;BOA SAFRA;BOA SAFRA SEMENTES S.A.;Agropecuária;Agricultura
SOMA3;GRUPO SOMA;GRUPO DE MODA SOMA S.A.;Comércio;Tecidos, Vestuário e Calçados
SOND3;SONDOTECNICA S/A.;SONDOTECNICA ENGENHARIA DE SOLOS S/A.;Construção e Engenharia;Engenharia Consultiva
SOND5;SONDOTECNICA S/A.;SONDOTECNICA ENGENHARIA DE SOLOS S/A.;Construção e Engenharia;Engenharia Consultiva
SOND6;SONDOTECNICA S/A.;SONDOTECNICA ENGENHARIA DE SOLOS S/A.;Construção e Engenharia;Engenharia Consultiva
SPRI3;SPRINGER;SPRINGER SA;Outros;NA
SPRI5;SPRINGER;SPRINGER SA;Outros;NA
SPRI6;SPRINGER;SPRINGER SA;Outros;NA
SQIA3;SINQIA;SINQIA S.A.;Programas e Serviços;Programas e Serviços
SRNA3;SERENA;SERENA ENERGIA S.A.;Energia Elétrica;Energia Elétrica
SSBR3;ALLOS;ALLOS S.A.;Outros;Outros
STBP11;SBPAR;SANTOS BRASIL PARTICIPAÇÕES S.A.;Transporte;Serviços de Apoio e Armazenagem
STBP3;SBPAR;SANTOS BRASIL PARTICIPAÇÕES S.A.;Transporte;Serviços de Apoio e Armazenagem
STLB3;ADVANCED-DH;ADVANCED DIGITAL HEALTH MEDICINA PREVENTIVA S.A.;Outros;Outros
STRP4;STAROUP;BOTUCATU TÊXTIL S.A.;Tecidos, Vestuário e Calçados;Vestuário
SUBA3;;SUBMARINO S/A;Outros;NA
SULA11;Sul America;SUL AMERICA S/A;Previdência e Seguros;Seguradoras
SULA3;Sul America;SUL AMERICA S/A;Previdência e Seguros;Seguradoras
SULA4;Sul America;SUL AMERICA S/A;Previdência e Seguros;Seguradoras
SULT3;CONSTRUTORA SULTEPA S/A;CONST SULTEPA SA;Outros;NA
SULT4;CONSTRUTORA SULTEPA S/A;CONST SULTEPA SA;Outros;NA
SUZA4;SUZANO HOLDING S.A.;SUZANO HOLDING S.A. (EX-NEMOFEFFER S.A.);Holdings Diversificadas;Holdings Diversificadas
SUZB3;Suzano Papel;SUZANO PAPEL E CELULOSE S.A.;Madeira e Papel;Papel e Celulose
SUZB5;Suzano Papel;SUZANO PAPEL E CELULOSE S.A.;Madeira e Papel;Papel e Celulose
SUZB6;Suzano Papel;SUZANO PAPEL E CELULOSE S.A.;Madeira e Papel;Papel e Celulose
SWET3;ADVANCED-DH;ADVANCED DIGITAL HEALTH MEDICINA PREVENTIVA S.A.;Outros;Outros
SYNE3;SYN PROP TEC;SYN prop e tech S.A.;Exploração de Imóveis;Exploração de Imóveis
SZPQ4;SUZANO PETROQUIMICA S.A.;SUZANO PETROQUIMICA S.A.;Químicos;Petroquímicos
TAEE11;TAESA;TRANSMISSORA ALIANÇA DE ENERGIA ELÉTRICA S.A.;Energia Elétrica;Energia Elétrica
TAEE3;TAESA;TRANSMISSORA ALIANÇA DE ENERGIA ELÉTRICA S.A.;Energia Elétrica;Energia Elétrica
TAEE4;TAESA;TRANSMISSORA ALIANÇA DE ENERGIA ELÉTRICA S.A.;Energia Elétrica;Energia Elétrica
TAMM3;TAM;TAM S.A.;Transporte;Transporte Aéreo
TAMM4;TAM;TAM S.A.;Transporte;Transporte Aéreo
TANC4;TAM;TAM S.A.;Transporte;Transporte Aéreo
TARP11;TARPON;TARPON INVESTMENT GROUP LTD.;Holdings Diversificadas;Holdings Diversificadas
TASA3;TAURUS ARMAS;TAURUS ARMAS S.A.;Máquinas e Equipamentos;Armas e Munições
TASA4;TAURUS ARMAS;TAURUS ARMAS S.A.;Máquinas e Equipamentos;Armas e Munições
TBLE3;ENGIE BRASIL;ENGIE BRASIL ENERGIA S.A.;Outros;Outros
TBLE5;ENGIE BRASIL;ENGIE BRASIL ENERGIA S.A.;Energia Elétrica;Energia Elétrica
TBLE6;ENGIE BRASIL;ENGIE BRASIL ENERGIA S.A.;Energia Elétrica;Energia Elétrica
TCNO3;TECNOSOLO S/A;TECNOSOLO S/A;Construção e Engenharia;Engenharia Consultiva
TCNO4;TECNOSOLO S/A;TECNOSOLO S/A;Construção e Engenharia;Engenharia Consultiva
TCOC3;TELE CENTRO OESTE CELULAR PARTICIP. S/A;TCO CELULAR PARTICIPAÇÕES S/A;Outros;NA
TCOC4;TELE CENTRO OESTE CELULAR PARTICIP. S/A;TCO CELULAR PARTICIPAÇÕES S/A;Outros;NA
TCSA3;TECNISA;TECNISA S.A.;Construção Civil;Incorporações
TCSL4;TIM PARTICIPAÇÕES S.A.;TIM PARTICIPAÇÕES S.A.;Telecomunicações;Telecomunicações
TDBH3;TELEFÔNICA EMPRESAS S.A;TELEFONICA DATA BRASIL HOLDING SA;Outros;NA
TDBH4;TELEFÔNICA EMPRESAS S.A;TELEFONICA DATA BRASIL HOLDING SA;Outros;NA
TECN3;TECHNOS;TECHNOS S.A.;Tecidos, Vestuário e Calçados;Acessórios
TEFC11;TELEFÓNICA;TELEFÓNICA S.A.;Outros;NA
TEKA3;TEKA S.A.;TEKA TECELAGEM KUEHNRICH SA;Tecidos, Vestuário e Calçados;Fios e Tecidos
TEKA4;TEKA S.A.;TEKA TECELAGEM KUEHNRICH SA;Tecidos, Vestuário e Calçados;Fios e Tecidos
TELB3;TELEBRAS;TELEC. BRASILEIRAS S.A. - TELEBRÁS;Telecomunicações;Telecomunicações
TELB4;TELEBRAS;TELEC. BRASILEIRAS S.A. - TELEBRÁS;Telecomunicações;Telecomunicações
TEMP3;TEMPO PART;TEMPO PARTICIPACOES;Serv.Méd.Hospit. Análises e Diagnósticos;Serv.Méd.Hospit. Análises e Diagnósticos
TEND3;Tenda;CONSTRUTORA TENDA S/A;Construção Civil;Incorporações
TENE5;TECBLU;TECBLU - TECELAGEM BLUMENAU S/A.;Tecidos, Vestuário e Calçados;Fios e Tecidos
TENE7;TECBLU;TECBLU - TECELAGEM BLUMENAU S/A.;Tecidos, Vestuário e Calçados;Fios e Tecidos
TERI3;TEREOS;TEREOS INTERNACIONAL S.A.;Alimentos Processados;Alimentos Diversos
TESA3;TERRA SANTA;TERRA SANTA AGRO S.A.;Agropecuária;Agricultura
TFCO4;TRACK FIELD;TRACK & FIELD CO S.A.;Tecidos, Vestuário e Calçados;Vestuário
TGMA3;Tegma;TEGMA GESTÃO LOGÍSTICA SA;Transporte;Transporte Rodoviário
TIBR3;CRISTAL;TRONOX PIGMENTOS DO BRASIL S.A.;Outros;Outros
TIBR5;CRISTAL;TRONOX PIGMENTOS DO BRASIL S.A.;Outros;Outros
TIBR6;CRISTAL;TRONOX PIGMENTOS DO BRASIL S.A.;Outros;Outros
TIET11;AES TIETE E;AES TIETE ENERGIA SA;Energia Elétrica;Energia Elétrica
TIET3;AES TIETE E;AES TIETE ENERGIA SA;Energia Elétrica;Energia Elétrica
TIET4;AES TIETE E;AES TIETE ENERGIA SA;Energia Elétrica;Energia Elétrica
TIMP3;TIM PARTICIPAÇÕES S.A.;TIM PARTICIPAÇÕES S.A.;Telecomunicações;Telecomunicações
TIMS3;TIM;TIM S.A.;Telecomunicações;Telecomunicações
TKNO4;TEKNO;TEKNO S.A. CONSTR.INDÚSTRIA E COMÉRCIO;Siderurgia e Metalurgia;Artefatos de Ferro e Aço
TLCP3;TELE LESTE CELULAR PARTICIPAÇÕES SA;TELE LESTE CELULAR PARTICIPAÇÕES SA;Outros;NA
TLCP4;TELE LESTE CELULAR PARTICIPAÇÕES SA;TELE LESTE CELULAR PARTICIPAÇÕES SA;Outros;NA
TMAR3;TELEMAR;TELEMAR NORTE LESTE SA;Outros;NA
TMAR5;TELEMAR;TELEMAR NORTE LESTE SA;Outros;NA
TMAR6;TELEMAR;TELEMAR NORTE LESTE SA;Outros;NA
TMCP3;TELEMIG CELULAR PARTICIPAÇÕES S.A.;TELEMIG CELULAR PARTICIPAÇÕES S.A.;Outros;NA
TMCP4;TELEMIG CELULAR PARTICIPAÇÕES S.A.;TELEMIG CELULAR PARTICIPAÇÕES S.A.;Outros;NA
TMGC11;TELEMIG CELULAR;TELEMIG CELULAR SA;Outros;NA
TMGC12;TELEMIG CELULAR;TELEMIG CELULAR SA;Outros;NA
TMGC13;TELEMIG CELULAR;TELEMIG CELULAR SA;Outros;NA
TMGC3;TELEMIG CELULAR;TELEMIG CELULAR SA;Outros;NA
TMGC7;TELEMIG CELULAR;TELEMIG CELULAR SA;Outros;NA
TNCP3;AMAZÔNIA CELULAR;TELE NORTE CELULAR PARTICIPAÇÕES SA;Outros;NA
TNCP4;AMAZÔNIA CELULAR;TELE NORTE CELULAR PARTICIPAÇÕES SA;Outros;NA
TNEP3;TELE NORDESTE CELULAR PARTICIPAÇÕES S.A.;TELE NORDESTE CELULAR PARTICIPAÇÕES SA;Outros;NA
TNEP4;TELE NORDESTE CELULAR PARTICIPAÇÕES S.A.;TELE NORDESTE CELULAR PARTICIPAÇÕES SA;Outros;NA
TNLP3;TELEMAR;TELE NORTE LESTE PARTICIPAÇÕES SA;Outros;NA
TNLP4;TELEMAR;TELE NORTE LESTE PARTICIPAÇÕES SA;Outros;NA
TOTS3;TOTVS;TOTVS S.A.;Programas e Serviços;Programas e Serviços
TOYB3;TEC TOY;TEC TOY S/A;Outros;NA
TOYB4;TEC TOY;TEC TOY S/A;Outros;NA
TPIS3;TRIUNFO PARTICIPACOES SA;TRIUNFO PARTICIPACOES E INVESTIMENTOS SA;Transporte;Exploração de Rodovias
TPRC3;TIM PARTICIPAÇÕES S.A.;TIM PARTICIPAÇÕES S.A.;Telecomunicações;Telecomunicações
TPRC6;TIM PARTICIPAÇÕES S.A.;TIM PARTICIPAÇÕES S.A.;Telecomunicações;Telecomunicações
TRAD3;TC;TC TRADERS CLUB S.A.;Programas e Serviços;Programas e Serviços
TRFO3;TRAFO;TRAFO EQUIPAMENTOS ELETRICOS S.A.;Outros;NA
TRFO4;TRAFO;TRAFO EQUIPAMENTOS ELETRICOS S.A.;Outros;NA
TRIS3;Trisul;TRISUL S/A;Construção Civil;Incorporações
TROR3;TRORION;TRORION SA;Outros;NA
TROR4;TRORION;TRORION SA;Outros;NA
TRPL3;ISA ENERGIA;ISA ENERGIA BRASIL S.A;Outros;Outros
TRPL4;ISA ENERGIA;ISA ENERGIA BRASIL S.A;Outros;Outros
TRPN3;TARPON INV;TARPON INVESTIMENTOS S.A.;Holdings Diversificadas;Holdings Diversificadas
TSEP3;TELE SUDESTE CELULAR PART SA;TELE SUDESTE CELULAR PARTICIPAÇÕES SA;Outros;NA
TSEP4;TELE SUDESTE CELULAR PART SA;TELE SUDESTE CELULAR PARTICIPAÇÕES SA;Outros;NA
TSPP3;VIVO PARTICIPAÇÕES;VIVO PARTICIPAÇÕES S/A;Outros;NA
TSPP4;VIVO PARTICIPAÇÕES;VIVO PARTICIPAÇÕES S/A;Outros;NA
TTEN3;3TENTOS;TRÊS TENTOS AGROINDUSTRIAL S/A;Agropecuária;Agricultura
TUPY3;TUPY;TUPY SA;Material de Transporte;Material Rodoviário
TUPY4;TUPY;TUPY SA;Material de Transporte;Material Rodoviário
TVIT3;TIVIT;TIVIT TERC. DE PROC., SERV. E TEC. S.A.;Programas e Serviços;Programas e Serviços
TXRX3;RENAUX;TEXTIL RENAUXVIEW S.A.;Tecidos, Vestuário e Calçados;Fios e Tecidos
TXRX4;RENAUX;TEXTIL RENAUXVIEW S.A.;Tecidos, Vestuário e Calçados;Fios e Tecidos
UBBR11;UNIBANCO SA;UNIBANCO UNIAO BANCOS BRAS SA;Intermediários Financeiros;Bancos
UBBR3;UNIBANCO SA;UNIBANCO UNIAO BANCOS BRAS SA;Intermediários Financeiros;Bancos
UBBR4;UNIBANCO SA;UNIBANCO UNIAO BANCOS BRAS SA;Intermediários Financeiros;Bancos
UCAS3;UNICASA;UNICASA INDÚSTRIA DE MÓVEIS S.A.;Utilidades Domésticas;Móveis
UCOP4;USINA COSTA PINTO S/A AÇÚCAR E ÁLCOOL;USINA COSTA PINTO SA ACUC ALC;Outros;NA
UGPA3;ULTRAPAR PARTICIPAÇÕES SA;ULTRAPAR PARTICIPAÇÕES SA;Petróleo, Gás e Biocombustíveis;Exploração, Refino e Distribuição
UGPA4;ULTRAPAR PARTICIPAÇÕES SA;ULTRAPAR PARTICIPAÇÕES SA;Petróleo, Gás e Biocombustíveis;Exploração, Refino e Distribuição
UNIP3;UNIPAR PARTICIPAÇÕES S.A.;UNIPAR PARTICIPAÇÕES S.A.;Químicos;Químicos Diversos
UNIP5;UNIPAR PARTICIPAÇÕES S.A.;UNIPAR PARTICIPAÇÕES S.A.;Químicos;Químicos Diversos
UNIP6;UNIPAR PARTICIPAÇÕES S.A.;UNIPAR PARTICIPAÇÕES S.A.;Químicos;Químicos Diversos
UOLL4;UOL;UNIVERSO ONLINE SA;Programas e Serviços;Programas e Serviços
USIM3;USIMINAS;USINAS SIDERURGICAS DE MINAS GERAIS SA;Siderurgia e Metalurgia;Siderurgia
USIM5;USIMINAS;USINAS SIDERURGICAS DE MINAS GERAIS SA;Siderurgia e Metalurgia;Siderurgia
USIM6;USIMINAS;USINAS SIDERURGICAS DE MINAS GERAIS SA;Siderurgia e Metalurgia;Siderurgia
VAGR3;TERRA SANTA;TERRA SANTA AGRO S.A.;Outros;Outros
VAGV3;SAVIRG;S.A. (VIACAO AEREA-RIOGRANDENSE);Transporte;Transporte Aéreo
VAGV4;SAVIRG;S.A. (VIACAO AEREA-RIOGRANDENSE);Transporte;Transporte Aéreo
VALE3;VALE;VALE S.A.;Mineração;Minerais Metálicos
VALE5;VALE;VALE S.A.;Mineração;Minerais Metálicos
VAMO3;VAMOS;VAMOS LOCAÇÃO DE CAMINHÕES. MÁQUINAS E EQUIP. S.A.;Diversos;Aluguel de carros
VBBR3;VIBRA;VIBRA ENERGIA S.A.;Petróleo, Gás e Biocombustíveis;Exploração, Refino e Distribuição
VCPA4;Fibria;VOTORANTIM CELULOSE E PAPEL SA;Madeira e Papel;Papel e Celulose
VGOR3;VIGOR;SA FABRICA PRODS ALIMCS VIGOR;Outros;NA
VGOR4;VIGOR;SA FABRICA PRODS ALIMCS VIGOR;Outros;NA
VIGR3;VIGOR FOOD;VIGOR ALIMENTOS S.A.;Outros;NA
VIIA3;CASAS BAHIA;GRUPO CASAS BAHIA S.A.;Outros;Outros
VINE3;VICUNHA TEXTIL SA;VICUNHA TEXTIL SA;Tecidos, Vestuário e Calçados;Fios e Tecidos
VINE5;VICUNHA TEXTIL SA;VICUNHA TEXTIL SA;Tecidos, Vestuário e Calçados;Fios e Tecidos
VITT3;VITTIA;VITTIA FERTILIZANTES E BIOLOGICOS S.A.;Químicos;Fertilizantes e Defensivos
VIVA3;VIVARA S.A.;VIVARA PARTICIPAÇOES S.A;Tecidos, Vestuário e Calçados;Acessórios
VIVO3;VIVO PARTICIPAÇÕES;VIVO PARTICIPAÇÕES S/A;Outros;NA
VIVO4;VIVO PARTICIPAÇÕES;VIVO PARTICIPAÇÕES S/A;Outros;NA
VIVR3;VIVER;VIVER INCORPORADORA E CONSTRUTORA S.A.;Construção Civil;Incorporações
VIVT3;TELEF BRASIL;TELEFÔNICA BRASIL S.A;Telecomunicações;Telecomunicações
VIVT4;TELEF BRASIL;TELEFÔNICA BRASIL S.A;Telecomunicações;Telecomunicações
VLID3;VALID;VALID SOLUÇÕES E SERV. SEG. MEIOS PAG. IDENT. S.A.;Serviços Diversos;Serviços Diversos
VNET3;CIELO;CIELO S.A.;Serviços Financeiros Diversos;Serviços Financeiros Diversos
VPSC3;VPSC;VARIG PARTIC. EM SERVIÇOS COMPLEMENTARES;Transporte;Serviços de Apoio e Armazenagem
VPSC4;VPSC;VARIG PARTIC. EM SERVIÇOS COMPLEMENTARES;Transporte;Serviços de Apoio e Armazenagem
VPTA3;VPTA;VARIG PARTICIPAÇÕES EM TRANSP AÉREOS S/A;Transporte;Transporte Aéreo
VPTA4;VPTA;VARIG PARTICIPAÇÕES EM TRANSP AÉREOS S/A;Transporte;Transporte Aéreo
VSPT3;FERROVIA CENTRO-ATLÂNTICA S.A.;FERROVIA CENTRO ATLANTICA SA;Transporte;Transporte Ferroviário
VSPT4;FERROVIA CENTRO-ATLÂNTICA S.A.;FERROVIA CENTRO ATLANTICA SA;Transporte;Transporte Ferroviário
VSTE3;VESTE;VESTE S.A. ESTILO;Comércio;Tecidos, Vestuário e Calçados
VTLM3;ADVANCED-DH;ADVANCED DIGITAL HEALTH MEDICINA PREVENTIVA S.A.;Outros;NA
VTRU3;VITRUEDUCA;VITRU BRASIL EMPREEND. PARTICIP. E COMERCIO S.A.;Diversos;Serviços Educacionais
VULC3;VULCABRAS S/A.;VULCABRAS SA;Tecidos, Vestuário e Calçados;Calçados
VULC4;VULCABRAS S/A.;VULCABRAS SA;Tecidos, Vestuário e Calçados;Calçados
VVAR11;CASAS BAHIA;GRUPO CASAS BAHIA S.A.;Comércio;Eletrodomésticos
VVAR3;CASAS BAHIA;GRUPO CASAS BAHIA S.A.;Outros;Outros
VVAR4;CASAS BAHIA;GRUPO CASAS BAHIA S.A.;Comércio;Eletrodomésticos
VVAX3;VIVAX SA;VIVAX SA;Outros;NA
VVAX4;VIVAX SA;VIVAX SA;Outros;NA
VVEO3;VIVEO;CM HOSPITALAR S.A.;Comércio e Distribuição;Medicamentos e Outros Produtos
WEGE3;WEG SA;WEG SA;Máquinas e Equipamentos;Motores, Compressores e Outros
WEGE4;WEG SA;WEG SA;Máquinas e Equipamentos;Motores, Compressores e Outros
WEST3;WESTWING;WESTWING COMERCIO VAREJISTA S.A.;Programas e Serviços;Programas e Serviços
WHRL3;WHIRLPOOL S.A.;WHIRLPOOL S.A.;Utilidades Domésticas;Eletrodomésticos
WHRL4;WHIRLPOOL S.A.;WHIRLPOOL S.A.;Utilidades Domésticas;Eletrodomésticos
WISA3;WIEST SA;WIEST SA;Siderurgia e Metalurgia;Artefatos de Ferro e Aço
WISA4;WIEST SA;WIEST SA;Siderurgia e Metalurgia;Artefatos de Ferro e Aço
WIZC3;WIZ CO;WIZ CO PARTICIPAÇÕES E CORRETAGEM DE SEGUROS S.A.;Previdência e Seguros;Corretoras de Seguros
WIZS3;WIZ CO;WIZ CO PARTICIPAÇÕES E CORRETAGEM DE SEGUROS S.A.;Outros;Outros
WLMM3;WLM;WLM INDÚSTRIA E COMÉRCIO S/A;Comércio;Material de Transporte
WLMM4;WLM;WLM INDÚSTRIA E COMÉRCIO S/A;Comércio;Material de Transporte
WMBY3;WEMBLEY SOCIEDADE ANÔNIMA;WEMBLEY SOCIEDADE ANÔNIMA;Tecidos, Vestuário e Calçados;Fios e Tecidos
WSON33;Wilson Sons;WILSON SONS LIMITED;Transporte;Serviços de Apoio e Armazenagem
YBRA4;OPPORTUNITY ALEF S/A;OPPORTUNITY ALEF SA;Outros;Outros
YDUQ3;YDUQS PART;ESTACIO PARTICIPACOES S.A.;Diversos;Serviços Educacionais
ZAMP3;ZAMP S.A.;ZAMP S.A.;Hoteis e Restaurantes;Restaurante e Similares
